id,attachment_file_id,attachable_id,attachable_type,position,created_at,updated_at
1629,9409,551,Specimen,1,2008-12-15 21:22:02.695453,2011-01-28 18:51:15.270513
1707,9643,828,Specimen,1,2008-12-15 21:22:12.724547,2011-01-28 18:50:56.250137
1747,9752,888,Specimen,1,2008-12-26 14:14:29.995874,2011-01-28 18:50:56.083282
1749,9756,172,Specimen,1,2008-12-26 16:47:23.91862,2011-01-28 18:50:44.688584
1750,9759,173,Specimen,1,2008-12-26 16:48:00.603224,2011-01-28 18:50:44.66371
1751,9762,174,Specimen,1,2008-12-26 16:48:51.382978,2011-01-28 18:50:44.588604
1753,9765,176,Specimen,1,2008-12-26 16:49:40.942076,2011-01-28 18:50:40.559917
1755,9768,179,Specimen,1,2008-12-26 16:50:13.653481,2011-01-28 18:50:44.984208
1757,9771,181,Specimen,1,2008-12-26 16:51:01.193716,2011-01-28 18:50:45.009237
1759,9774,182,Specimen,1,2008-12-26 16:51:50.899608,2011-01-28 18:50:44.760656
1761,9777,183,Specimen,1,2008-12-26 16:52:34.073239,2011-01-28 18:50:44.809241
1763,9780,184,Specimen,1,2008-12-26 16:53:24.797414,2011-01-28 18:50:44.83423
1765,9783,185,Specimen,1,2008-12-26 16:54:26.722333,2011-01-28 18:50:44.650787
1767,9786,186,Specimen,1,2008-12-26 16:55:43.069265,2011-01-28 18:50:44.725829
1769,9789,187,Specimen,1,2008-12-26 16:58:42.129344,2011-01-28 18:50:44.78422
1771,9792,188,Specimen,1,2008-12-26 16:59:26.583009,2011-01-28 18:50:44.577304
1773,9795,189,Specimen,1,2008-12-26 17:00:23.097371,2011-01-28 18:50:44.625739
1775,9798,190,Specimen,1,2008-12-26 17:01:09.70421,2011-01-28 18:50:44.73871
1785,9817,196,Specimen,1,2009-01-09 10:43:41.247141,2011-01-28 18:50:42.96347
1786,9820,204,Specimen,1,2009-01-09 10:45:08.361494,2011-01-28 18:50:42.978361
1787,9823,198,Specimen,1,2009-01-09 10:48:10.902899,2011-01-28 18:50:42.988196
1788,9826,202,Specimen,1,2009-01-09 10:50:54.181281,2011-01-28 18:50:43.003361
1789,9829,201,Specimen,1,2009-01-09 11:07:54.671013,2011-01-28 18:50:43.013191
1790,9832,207,Specimen,1,2009-01-09 11:09:56.394266,2011-01-28 18:50:43.038182
1791,9835,206,Specimen,1,2009-01-09 11:11:16.089722,2011-01-28 18:50:43.028525
1792,9838,205,Specimen,1,2009-01-09 11:12:23.234657,2011-01-28 18:50:42.903575
1794,9841,195,Specimen,1,2009-01-09 11:14:37.68514,2011-01-28 18:50:42.924705
1795,9844,193,Specimen,1,2009-01-09 11:15:48.277302,2011-01-28 18:50:42.93848
1796,9847,203,Specimen,1,2009-01-09 11:17:25.814449,2011-01-28 18:50:42.953669
1797,9853,180,Specimen,1,2009-01-09 11:25:56.093755,2011-01-28 18:50:44.180249
1798,9856,175,Specimen,1,2009-01-09 11:27:20.951933,2011-01-28 18:50:44.19538
1799,9859,178,Specimen,1,2009-01-09 11:28:21.798956,2011-01-28 18:50:44.339081
1801,9865,191,Specimen,1,2009-01-09 11:30:18.174698,2011-01-28 18:50:44.35375
1803,9871,170,Specimen,1,2009-01-09 11:31:52.997534,2011-01-28 18:50:44.36367
1804,9874,192,Specimen,1,2009-01-09 11:32:43.318094,2011-01-28 18:50:44.378841
1806,9877,169,Specimen,1,2009-01-09 11:38:23.220854,2011-01-28 18:50:44.505283
1807,9880,200,Specimen,1,2009-01-09 11:40:14.00687,2011-01-28 18:50:44.470487
1809,9883,177,Specimen,1,2009-01-09 11:42:35.706818,2011-01-28 18:50:44.170252
1810,9868,197,Specimen,1,2009-01-09 11:42:59.215972,2011-01-28 18:50:44.847135
1811,9886,194,Specimen,1,2009-01-09 11:44:03.913475,2011-01-28 18:50:44.480283
1813,9889,154,Specimen,1,2009-01-09 11:44:57.875542,2011-01-28 18:50:44.020353
1814,9892,155,Specimen,1,2009-01-09 11:45:49.833322,2011-01-28 18:50:44.030187
1815,9895,156,Specimen,1,2009-01-09 11:46:23.69065,2011-01-28 18:50:44.055191
1817,9898,158,Specimen,1,2009-01-09 11:47:52.098989,2011-01-28 18:50:43.888467
1818,9901,159,Specimen,1,2009-01-09 11:48:44.255784,2011-01-28 18:50:43.945473
1822,9904,161,Specimen,1,2009-01-09 11:51:33.903906,2011-01-28 18:50:43.955189
1823,9907,162,Specimen,1,2009-01-09 11:51:48.748632,2011-01-28 18:50:43.970335
1824,9910,163,Specimen,1,2009-01-09 11:52:14.869235,2011-01-28 18:50:44.045326
1825,9913,165,Specimen,1,2009-01-09 11:52:48.875324,2011-01-28 18:50:43.853773
1826,9916,167,Specimen,1,2009-01-09 11:53:22.84341,2011-01-28 18:50:43.930353
1828,9919,893,Specimen,1,2009-01-09 11:58:06.138532,2011-01-28 18:50:43.980182
1829,9922,894,Specimen,1,2009-01-09 11:58:58.872097,2011-01-28 18:50:43.995354
1830,9925,895,Specimen,1,2009-01-09 12:00:15.374424,2011-01-28 18:50:44.005207
1831,9850,171,Specimen,1,2009-01-09 12:12:35.801605,2011-01-28 18:50:44.495481
1832,9862,199,Specimen,1,2009-01-09 12:20:39.681717,2011-01-28 18:50:44.520517
1834,9929,125,Specimen,1,2009-01-09 13:54:38.274272,2011-01-28 18:50:45.022129
1835,9932,126,Specimen,1,2009-01-09 13:55:12.484181,2011-01-28 18:50:43.488472
1836,9935,127,Specimen,1,2009-01-09 13:55:56.384943,2011-01-28 18:50:43.503669
1837,9938,128,Specimen,1,2009-01-09 13:56:34.143493,2011-01-28 18:50:43.513475
1838,9941,137,Specimen,1,2009-01-09 13:58:52.33318,2011-01-28 18:50:43.528668
1839,9944,138,Specimen,1,2009-01-09 13:59:16.116038,2011-01-28 18:50:43.538455
1840,9947,139,Specimen,1,2009-01-09 13:59:41.079413,2011-01-28 18:50:43.553638
1841,9950,140,Specimen,1,2009-01-09 14:00:23.056165,2011-01-28 18:50:43.463467
1842,9953,141,Specimen,1,2009-01-09 14:00:57.600063,2011-01-28 18:50:43.478688
1843,9956,142,Specimen,1,2009-01-09 14:01:30.573235,2011-01-28 18:50:44.947101
1844,9959,230,Specimen,1,2009-01-09 14:02:27.145119,2011-01-28 18:50:43.438467
1845,9962,231,Specimen,1,2009-01-09 14:02:55.059186,2011-01-28 18:50:43.453664
1846,9965,232,Specimen,1,2009-01-09 14:03:23.690215,2011-01-28 18:50:43.353383
1847,9968,233,Specimen,1,2009-01-09 14:03:45.474619,2011-01-28 18:50:43.388207
1848,9971,224,Specimen,1,2009-01-09 14:08:01.4641,2011-01-28 18:50:43.403351
1849,9974,226,Specimen,1,2009-01-09 14:08:44.025676,2011-01-28 18:50:43.413207
1850,9977,228,Specimen,1,2009-01-09 14:09:18.817363,2011-01-28 18:50:43.428688
1851,9980,220,Specimen,1,2009-01-09 14:10:12.355648,2011-01-28 18:50:43.363263
1852,9983,221,Specimen,1,2009-01-09 14:11:00.470648,2011-01-28 18:50:43.378349
1853,9986,148,Specimen,1,2009-01-09 14:11:42.692241,2011-01-28 18:50:43.278552
1854,9989,149,Specimen,1,2009-01-09 14:12:05.845241,2011-01-28 18:50:43.238499
1855,9992,150,Specimen,1,2009-01-09 14:21:32.479677,2011-01-28 18:50:43.288462
1856,9995,151,Specimen,1,2009-01-09 14:22:50.703173,2011-01-28 18:50:43.263472
1857,9998,152,Specimen,1,2009-01-09 14:23:24.023553,2011-01-28 18:50:43.303361
1858,10001,146,Specimen,1,2009-01-09 14:26:26.390626,2011-01-28 18:50:43.313193
1859,10004,147,Specimen,1,2009-01-09 14:27:32.438065,2011-01-28 18:50:43.328566
1860,10007,143,Specimen,1,2009-01-09 14:32:37.249707,2011-01-28 18:50:43.338467
1861,10010,144,Specimen,1,2009-01-09 14:32:53.28707,2011-01-28 18:50:43.228367
1862,10013,145,Specimen,1,2009-01-09 14:33:25.352619,2011-01-28 18:50:43.253491
1863,10016,135,Specimen,1,2009-01-09 14:34:12.029427,2011-01-28 18:50:44.070332
1864,10019,136,Specimen,1,2009-01-09 14:34:37.423138,2011-01-28 18:50:44.080176
1865,10022,133,Specimen,1,2009-01-09 14:35:37.600757,2011-01-28 18:50:44.095346
1866,10025,134,Specimen,1,2009-01-09 14:36:02.1957,2011-01-28 18:50:44.105176
1867,10028,131,Specimen,1,2009-01-09 14:36:41.689412,2011-01-28 18:50:44.120379
1868,10031,132,Specimen,1,2009-01-09 14:38:29.625131,2011-01-28 18:50:44.130188
1869,10034,129,Specimen,1,2009-01-09 14:39:06.446303,2011-01-28 18:50:44.145382
1870,10037,130,Specimen,1,2009-01-09 14:39:30.558873,2011-01-28 18:50:44.155253
1871,10040,219,Specimen,1,2009-01-09 14:40:01.607204,2011-01-28 18:50:44.962187
1872,10043,217,Specimen,1,2009-01-09 14:40:39.157427,2011-01-28 18:50:43.163473
1873,10046,216,Specimen,1,2009-01-09 14:41:34.148441,2011-01-28 18:50:43.178359
1874,10049,215,Specimen,1,2009-01-09 14:45:45.954992,2011-01-28 18:50:43.188188
1875,10052,213,Specimen,1,2009-01-09 14:47:30.587252,2011-01-28 18:50:43.203382
1876,10055,212,Specimen,1,2009-01-09 14:48:18.344039,2011-01-28 18:50:43.213183
1877,10058,210,Specimen,1,2009-01-09 14:48:47.678472,2011-01-28 18:50:42.888327
1878,10061,209,Specimen,1,2009-01-09 14:49:35.325898,2011-01-28 18:50:43.053718
1879,10064,208,Specimen,1,2009-01-09 14:50:26.994615,2011-01-28 18:50:43.153633
1880,10067,234,Specimen,1,2009-01-09 14:51:26.768722,2011-01-28 18:50:44.54549
1882,10070,235,Specimen,1,2009-01-09 14:52:19.668944,2011-01-28 18:50:44.555295
1883,10073,225,Specimen,1,2009-01-09 14:53:04.393666,2011-01-28 18:50:44.887222
1884,10076,227,Specimen,1,2009-01-09 14:53:41.668424,2011-01-28 18:50:44.912364
1885,10079,229,Specimen,1,2009-01-09 14:54:25.224338,2011-01-28 18:50:44.872124
1886,10082,222,Specimen,1,2009-01-09 14:55:33.023707,2011-01-28 18:50:44.922148
1887,10085,223,Specimen,1,2009-01-09 14:56:25.667573,2011-01-28 18:50:44.897131
1888,10088,218,Specimen,1,2009-01-09 14:57:07.063895,2011-01-28 18:50:44.937237
1889,10091,214,Specimen,1,2009-01-09 14:57:45.159643,2011-01-28 18:50:44.530301
1890,10094,211,Specimen,1,2009-01-09 14:58:52.891165,2011-01-28 18:50:44.862237
1899,10118,153,Specimen,1,2009-01-14 17:21:03.517041,2011-01-28 18:50:43.563462
1900,10121,157,Specimen,1,2009-01-14 17:22:54.241693,2011-01-28 18:50:43.614811
1901,10124,160,Specimen,1,2009-01-14 17:23:42.116249,2011-01-28 18:50:43.812166
1902,10127,164,Specimen,1,2009-01-14 17:24:27.44388,2011-01-28 18:50:43.578691
1903,10130,166,Specimen,1,2009-01-14 17:25:20.274282,2011-01-28 18:50:43.588463
1904,10133,168,Specimen,1,2009-01-14 17:26:48.317121,2011-01-28 18:50:43.603669
2015,10639,473,Specimen,2,2009-02-05 12:04:42.458683,2011-01-28 18:49:41.826291
2272,11376,1421,Specimen,2,2009-02-23 09:30:42.903034,2011-01-28 18:51:05.292785
2310,11515,472,Specimen,2,2009-02-25 09:22:51.407756,2011-01-28 18:51:05.504228
2311,11512,471,Specimen,1,2009-02-25 09:23:58.544983,2011-01-28 18:51:05.481894
2313,11518,470,Specimen,1,2009-02-25 09:57:49.982485,2011-01-28 18:51:06.565538
2405,11699,136,Storage,1,2009-03-05 12:07:30.781302,2011-01-28 18:52:34.5875
2407,11705,135,Storage,1,2009-03-05 12:10:58.30327,2011-01-28 18:52:34.56224
3522,15007,2627,Specimen,1,2009-06-09 09:16:03.189612,2011-01-28 18:50:54.574689
3523,15010,2628,Specimen,1,2009-06-09 09:16:12.483402,2011-01-28 18:50:54.822165
3524,15013,2629,Specimen,1,2009-06-09 09:16:21.637801,2011-01-28 18:50:54.51346
3525,15016,2630,Specimen,1,2009-06-09 09:16:30.959586,2011-01-28 18:50:54.847172
3526,15019,2631,Specimen,1,2009-06-09 09:16:40.139723,2011-01-28 18:50:54.449363
3558,15118,2663,Specimen,1,2009-06-10 09:04:20.728039,2011-01-28 18:50:54.747107
3559,15121,2664,Specimen,1,2009-06-10 09:04:29.767835,2011-01-28 18:50:54.833301
3560,15124,2665,Specimen,1,2009-06-10 09:04:38.969959,2011-01-28 18:50:54.783236
3561,15127,2666,Specimen,1,2009-06-10 09:04:47.891713,2011-01-28 18:50:54.474687
3562,15130,2667,Specimen,1,2009-06-10 09:04:56.876617,2011-01-28 18:50:54.772047
3576,15172,2681,Specimen,1,2009-06-11 09:18:05.11343,2011-01-28 18:50:54.488382
3578,15178,2683,Specimen,1,2009-06-11 09:18:27.588034,2011-01-28 18:50:54.720541
3579,15181,2684,Specimen,1,2009-06-11 09:18:37.956419,2011-01-28 18:50:54.733344
3580,15184,2685,Specimen,1,2009-06-11 09:18:48.334684,2011-01-28 18:50:54.808198
3581,15187,2686,Specimen,1,2009-06-11 09:18:58.180455,2011-01-28 18:50:54.43851
3582,15190,2687,Specimen,1,2009-06-11 09:19:08.903202,2011-01-28 18:50:54.463501
3583,15193,2688,Specimen,1,2009-06-11 09:19:19.103425,2011-01-28 18:50:54.538608
3584,15196,2689,Specimen,1,2009-06-11 09:19:29.297888,2011-01-28 18:50:54.499661
3585,15199,2690,Specimen,1,2009-06-11 09:19:39.33354,2011-01-28 18:50:54.549642
3586,15202,2691,Specimen,1,2009-06-11 09:19:49.505081,2011-01-28 18:50:54.524675
3587,15205,2692,Specimen,1,2009-06-11 09:19:59.455225,2011-01-28 18:50:54.758148
3588,15208,2693,Specimen,1,2009-06-11 09:20:09.585131,2011-01-28 18:50:54.424622
3589,15211,2694,Specimen,1,2009-06-11 09:20:19.556516,2011-01-28 18:50:54.797163
3629,15331,2735,Specimen,1,2009-06-18 09:26:17.822977,2011-01-28 18:50:55.283312
3645,15379,2751,Specimen,1,2009-06-18 09:28:45.913133,2011-01-28 18:50:55.297463
3649,15391,2755,Specimen,1,2009-06-19 09:13:07.287791,2011-01-28 18:50:55.308104
3650,15394,2756,Specimen,1,2009-06-19 09:13:14.760871,2011-01-28 18:50:55.333325
3651,15397,2757,Specimen,1,2009-06-19 09:13:22.220023,2011-01-28 18:50:55.358381
3652,15400,2758,Specimen,1,2009-06-19 09:14:12.371227,2011-01-28 18:50:55.272217
3653,15403,2759,Specimen,1,2009-06-19 09:14:19.706414,2011-01-28 18:50:55.383263
3654,15406,2760,Specimen,1,2009-06-19 09:14:27.299489,2011-01-28 18:50:55.408255
3655,15409,2761,Specimen,1,2009-06-19 09:14:34.66322,2011-01-28 18:50:55.10821
3656,15412,2762,Specimen,1,2009-06-19 09:14:42.035505,2011-01-28 18:50:55.172148
3657,15415,2763,Specimen,1,2009-06-19 09:14:49.447686,2011-01-28 18:50:55.208179
3658,15418,2764,Specimen,1,2009-06-19 09:14:56.704739,2011-01-28 18:50:55.247253
3675,15469,2781,Specimen,1,2009-06-22 09:34:26.535576,2011-01-28 18:50:47.112494
3676,15472,2782,Specimen,1,2009-06-22 09:34:34.275977,2011-01-28 18:50:47.123503
3677,15475,2783,Specimen,1,2009-06-22 09:34:50.617499,2011-01-28 18:50:47.137651
3678,15478,2784,Specimen,1,2009-06-22 09:35:01.355311,2011-01-28 18:50:47.148524
3694,15526,2800,Specimen,1,2009-06-23 09:12:10.522889,2011-01-28 18:50:46.779251
3695,15529,2801,Specimen,1,2009-06-23 09:12:20.222195,2011-01-28 18:50:46.204094
3697,15535,2803,Specimen,1,2009-06-23 09:12:37.214977,2011-01-28 18:50:46.390241
3698,15538,2804,Specimen,1,2009-06-23 09:12:59.637728,2011-01-28 18:50:46.415184
3700,15544,2806,Specimen,1,2009-06-24 09:03:59.134589,2011-01-28 18:50:46.404158
3701,15547,2807,Specimen,1,2009-06-24 09:04:12.573477,2011-01-28 18:50:46.42914
3702,15550,2808,Specimen,1,2009-06-24 09:04:22.999544,2011-01-28 18:50:46.440197
3806,15856,2900,Specimen,1,2009-07-14 09:07:45.85614,2011-01-28 18:50:59.350503
3807,15859,2901,Specimen,1,2009-07-14 09:07:56.306382,2011-01-28 18:50:56.400124
3808,15862,2902,Specimen,1,2009-07-14 09:08:05.931873,2011-01-28 18:50:59.325503
3809,15865,2903,Specimen,1,2009-07-14 09:08:16.040432,2011-01-28 18:50:59.742338
3810,15868,2904,Specimen,1,2009-07-14 09:08:25.788046,2011-01-28 18:50:59.717553
3811,15871,2905,Specimen,1,2009-07-14 09:08:35.400591,2011-01-28 18:50:59.697854
3813,15877,2907,Specimen,1,2009-07-14 09:08:52.702471,2011-01-28 18:50:59.400519
3814,15880,2908,Specimen,1,2009-07-14 09:09:02.162877,2011-01-28 18:50:59.389459
3815,15883,2909,Specimen,1,2009-07-14 09:09:12.680677,2011-01-28 18:50:59.37538
3817,15889,2904,Specimen,2,2009-07-15 09:36:09.260444,2011-01-28 18:50:59.728175
3818,15892,2903,Specimen,2,2009-07-15 09:39:15.275175,2011-01-28 18:50:59.753177
3819,15895,2901,Specimen,2,2009-07-15 09:40:01.170071,2011-01-28 18:50:56.410935
3820,15898,2905,Specimen,2,2009-07-15 09:40:55.21989,2011-01-28 18:50:59.705791
3821,15901,2900,Specimen,2,2009-07-15 09:41:33.861861,2011-01-28 18:50:59.361556
3822,15904,2902,Specimen,2,2009-07-15 09:42:16.262688,2011-01-28 18:50:59.33657
4187,16969,3210,Specimen,1,2009-09-16 09:13:41.336818,2011-01-28 18:50:59.934128
4188,16972,3211,Specimen,1,2009-09-16 09:13:50.510345,2011-01-28 18:50:59.947854
4189,16975,3212,Specimen,1,2009-09-16 09:13:59.711202,2011-01-28 18:50:59.972872
4190,16978,3213,Specimen,1,2009-09-16 09:14:08.752008,2011-01-28 18:50:59.983964
4226,17086,3248,Specimen,1,2009-09-25 09:19:05.059249,2011-01-28 18:50:20.083459
4266,17206,3288,Specimen,1,2009-10-02 09:12:36.09701,2011-01-28 18:50:26.098768
4267,17209,3290,Specimen,1,2009-10-02 09:15:34.826812,2011-01-28 18:50:26.250191
4268,17212,3291,Specimen,1,2009-10-02 09:16:17.252693,2011-01-28 18:50:26.283372
4271,17221,3294,Specimen,1,2009-10-02 09:17:00.488951,2011-01-28 18:50:26.350361
4276,17236,3299,Specimen,1,2009-10-02 09:18:16.307457,2011-01-28 18:50:26.07377
4277,17239,3300,Specimen,1,2009-10-02 09:18:26.999538,2011-01-28 18:50:26.216758
4280,17248,3303,Specimen,1,2009-10-02 09:18:58.704009,2011-01-28 18:50:26.109889
4281,17251,3304,Specimen,1,2009-10-02 09:19:07.357881,2011-01-28 18:50:26.166767
4282,17254,3305,Specimen,1,2009-10-02 09:19:16.157801,2011-01-28 18:50:26.183358
4283,17257,3306,Specimen,1,2009-10-02 09:19:24.041548,2011-01-28 18:50:26.468371
4284,17260,3307,Specimen,1,2009-10-02 09:19:34.717882,2011-01-28 18:50:26.316759
4285,17263,3308,Specimen,1,2009-10-02 09:19:42.866819,2011-01-28 18:50:26.366808
4289,17275,3312,Specimen,1,2009-10-02 09:20:21.867069,2011-01-28 18:50:26.123759
4414,17648,786,Storage,1,2010-01-07 09:34:16.262356,2011-01-28 18:52:33.432469
4506,17876,3460,Specimen,1,2010-01-26 09:33:42.439689,2011-01-28 18:50:16.082334
4610,18188,3564,Specimen,1,2010-02-01 09:56:15.65522,2011-01-28 18:50:12.781265
4611,18191,3565,Specimen,1,2010-02-01 09:56:25.295073,2011-01-28 18:50:12.756188
4612,18194,3566,Specimen,1,2010-02-01 09:56:34.33697,2011-01-28 18:50:12.795123
4613,18197,3567,Specimen,1,2010-02-01 09:56:43.317813,2011-01-28 18:50:12.995202
4614,18200,3568,Specimen,1,2010-02-01 09:56:52.743235,2011-01-28 18:50:12.956339
4615,18203,3569,Specimen,1,2010-02-01 09:57:02.291831,2011-01-28 18:50:12.945227
4616,18206,3570,Specimen,1,2010-02-01 09:57:12.447661,2011-01-28 18:50:12.769955
4617,18209,3571,Specimen,1,2010-02-01 09:57:21.729879,2011-01-28 18:50:16.415809
4618,18212,3572,Specimen,1,2010-02-01 09:57:31.455773,2011-01-28 18:50:16.199142
4619,18215,3573,Specimen,1,2010-02-01 09:57:41.032356,2011-01-28 18:50:16.440805
4620,18218,3574,Specimen,1,2010-02-01 09:57:50.567471,2011-01-28 18:50:12.931323
4621,18221,3575,Specimen,1,2010-02-01 09:57:59.514507,2011-01-28 18:50:12.806216
4622,18224,3576,Specimen,1,2010-02-01 09:58:08.571644,2011-01-28 18:50:12.981329
4623,18227,3577,Specimen,1,2010-02-01 09:58:17.384761,2011-01-28 18:50:12.83122
4624,18230,3578,Specimen,1,2010-02-01 09:58:26.458657,2011-01-28 18:50:16.149135
4625,18233,3579,Specimen,1,2010-02-01 09:58:35.733943,2011-01-28 18:50:12.820285
4626,18236,3580,Specimen,1,2010-02-01 09:58:45.197011,2011-01-28 18:50:12.970175
4627,18239,3581,Specimen,1,2010-02-01 09:58:54.388721,2011-01-28 18:50:12.845103
4629,18245,3583,Specimen,1,2010-02-03 09:35:06.951505,2011-01-28 18:50:13.104072
4630,18248,3584,Specimen,1,2010-02-03 09:35:16.101481,2011-01-28 18:50:13.045184
4631,18251,3585,Specimen,1,2010-02-03 09:35:25.396994,2011-01-28 18:50:13.115004
4632,18254,3586,Specimen,1,2010-02-03 09:35:34.856587,2011-01-28 18:50:13.165162
4633,18257,3587,Specimen,1,2010-02-03 09:35:43.857725,2011-01-28 18:50:13.140146
4634,18260,3588,Specimen,1,2010-02-03 09:35:52.879774,2011-01-28 18:50:13.154106
4635,18263,3589,Specimen,1,2010-02-03 09:36:02.03403,2011-01-28 18:50:13.362359
4636,18266,3590,Specimen,1,2010-02-03 09:36:12.526089,2011-01-28 18:50:13.09018
4637,18269,3591,Specimen,1,2010-02-03 09:36:22.202616,2011-01-28 18:50:13.190122
4638,18272,3592,Specimen,1,2010-02-03 09:36:31.341792,2011-01-28 18:50:12.906759
4640,18278,3594,Specimen,1,2010-02-03 09:36:49.083637,2011-01-28 18:50:16.263106
4642,18284,3596,Specimen,1,2010-02-03 09:37:07.871459,2011-01-28 18:50:16.765787
4643,18287,3597,Specimen,1,2010-02-03 09:37:17.299044,2011-01-28 18:50:16.754766
4644,18290,3598,Specimen,1,2010-02-03 09:37:26.529787,2011-01-28 18:50:12.856337
4645,18293,3599,Specimen,1,2010-02-03 09:37:35.732342,2011-01-28 18:50:16.729742
4646,18296,3600,Specimen,1,2010-02-03 09:37:45.461533,2011-01-28 18:50:16.465786
4647,18299,3601,Specimen,1,2010-02-03 09:37:54.481363,2011-01-28 18:50:16.238095
4648,18302,3602,Specimen,1,2010-02-03 09:38:03.794353,2011-01-28 18:50:16.274166
4649,18305,3603,Specimen,1,2010-02-03 09:38:12.808859,2011-01-28 18:50:16.515813
4650,18308,3604,Specimen,1,2010-02-03 09:38:22.083703,2011-01-28 18:50:12.895197
4651,18311,3605,Specimen,1,2010-02-03 09:38:32.365943,2011-01-28 18:50:16.579777
4652,18314,3606,Specimen,1,2010-02-03 09:38:41.293735,2011-01-28 18:50:16.490787
4653,18317,3607,Specimen,1,2010-02-03 09:38:50.537098,2011-01-28 18:50:16.704775
4654,18320,3608,Specimen,1,2010-02-03 09:39:00.511503,2011-01-28 18:50:16.174126
4655,18323,3609,Specimen,1,2010-02-03 09:39:11.02867,2011-01-28 18:50:12.920266
4656,18326,3610,Specimen,1,2010-02-03 09:39:20.501967,2011-01-28 18:50:16.554741
4657,18329,3611,Specimen,1,2010-02-03 09:39:29.718795,2011-01-28 18:50:16.665808
4658,18332,3612,Specimen,1,2010-02-03 09:39:38.707237,2011-01-28 18:50:16.640899
4659,18335,3613,Specimen,1,2010-02-03 09:39:48.527612,2011-01-28 18:50:16.454746
4660,18338,3614,Specimen,1,2010-02-03 09:39:57.463086,2011-01-28 18:50:16.540807
4661,18341,3615,Specimen,1,2010-02-03 09:40:08.754889,2011-01-28 18:50:16.654769
4662,18344,3616,Specimen,1,2010-02-03 09:40:17.948978,2011-01-28 18:50:16.804761
4663,18347,3617,Specimen,1,2010-02-03 09:40:27.172649,2011-01-28 18:50:12.88134
4664,18350,3618,Specimen,1,2010-02-03 09:40:36.408304,2011-01-28 18:50:16.529636
4665,18353,3619,Specimen,1,2010-02-03 09:40:46.014152,2011-01-28 18:50:16.615813
4666,18356,3620,Specimen,1,2010-02-03 09:40:56.055122,2011-01-28 18:50:16.163078
4667,18359,3621,Specimen,1,2010-02-03 09:41:05.354558,2011-01-28 18:50:13.129083
4668,18362,3622,Specimen,1,2010-02-03 09:41:14.200757,2011-01-28 18:50:13.398354
4669,18365,3623,Specimen,1,2010-02-03 09:41:23.41966,2011-01-28 18:50:16.249193
4670,18368,3624,Specimen,1,2010-02-03 09:41:32.429146,2011-01-28 18:50:16.690844
4671,18371,3625,Specimen,1,2010-02-03 09:41:41.643334,2011-01-28 18:50:16.629749
4672,18374,3626,Specimen,1,2010-02-03 09:41:50.721615,2011-01-28 18:50:16.404763
4673,18377,3627,Specimen,1,2010-02-03 09:42:00.641736,2011-01-28 18:50:16.604749
4674,18380,3628,Specimen,1,2010-02-03 09:42:09.74208,2011-01-28 18:50:16.590779
4675,18383,3629,Specimen,1,2010-02-03 09:42:18.831549,2011-01-28 18:50:12.870172
4676,18386,3630,Specimen,1,2010-02-03 09:42:28.354825,2011-01-28 18:50:16.740899
4677,18389,3631,Specimen,1,2010-02-03 09:42:38.026655,2011-01-28 18:50:16.679766
4678,18392,3632,Specimen,1,2010-02-03 09:42:47.056938,2011-01-28 18:50:16.565789
4679,18395,3633,Specimen,1,2010-02-03 09:42:56.478333,2011-01-28 18:50:13.295782
4680,18398,3634,Specimen,1,2010-02-03 09:43:06.13131,2011-01-28 18:50:13.204077
4681,18401,3635,Specimen,1,2010-02-03 09:43:15.647554,2011-01-28 18:50:13.337322
4682,18404,3636,Specimen,1,2010-02-03 09:43:24.927708,2011-01-28 18:50:13.006307
4683,18407,3637,Specimen,1,2010-02-03 09:43:34.164341,2011-01-28 18:50:13.179087
4684,18410,3638,Specimen,1,2010-02-03 09:43:43.155555,2011-01-28 18:50:16.715958
4685,18413,3639,Specimen,1,2010-02-03 09:43:53.091785,2011-01-28 18:50:13.44007
4686,18416,3640,Specimen,1,2010-02-03 09:44:02.214091,2011-01-28 18:50:16.18804
4687,18419,3641,Specimen,1,2010-02-03 09:44:11.421944,2011-01-28 18:50:16.479754
4688,18422,3642,Specimen,1,2010-02-03 09:44:20.961615,2011-01-28 18:50:16.213087
4689,18425,3643,Specimen,1,2010-02-03 09:44:30.193461,2011-01-28 18:50:13.020185
4690,18428,3644,Specimen,1,2010-02-03 09:44:39.358466,2011-01-28 18:50:16.790846
4691,18431,3645,Specimen,1,2010-02-03 09:44:48.353617,2011-01-28 18:50:16.224295
4692,18434,3646,Specimen,1,2010-02-03 09:44:57.293827,2011-01-28 18:50:16.5047
4693,18437,3647,Specimen,1,2010-02-03 09:45:08.987646,2011-01-28 18:50:16.779745
4694,18440,3648,Specimen,1,2010-02-03 09:45:18.440946,2011-01-28 18:50:16.429668
4695,18443,3649,Specimen,1,2010-02-03 09:45:27.288904,2011-01-28 18:50:13.031304
4707,18479,3659,Specimen,1,2010-02-05 12:03:25.816626,2011-01-28 18:50:11.564742
4708,18482,3660,Specimen,1,2010-02-05 12:03:37.231511,2011-01-28 18:50:11.578616
4709,18485,3661,Specimen,1,2010-02-05 12:03:47.612451,2011-01-28 18:50:11.903695
4710,18488,3662,Specimen,1,2010-02-05 12:03:57.228092,2011-01-28 18:50:11.178302
4711,18491,3663,Specimen,1,2010-02-05 12:04:07.305383,2011-01-28 18:50:12.445331
4712,18494,3664,Specimen,1,2010-02-05 12:04:17.655116,2011-01-28 18:50:12.21444
4713,18497,3665,Specimen,1,2010-02-05 12:04:28.123097,2011-01-28 18:50:11.114685
4714,18500,3666,Specimen,1,2010-02-05 12:04:41.033448,2011-01-28 18:50:12.178238
4715,18503,3667,Specimen,1,2010-02-05 12:04:50.934063,2011-01-28 18:50:12.089284
4716,18506,3668,Specimen,1,2010-02-05 12:05:00.654193,2011-01-28 18:50:11.203598
4717,18509,3669,Specimen,1,2010-02-05 12:05:12.882498,2011-01-28 18:50:11.878828
4718,18512,3670,Specimen,1,2010-02-05 12:05:22.853465,2011-01-28 18:50:11.128374
4719,18515,3671,Specimen,1,2010-02-05 12:05:33.248683,2011-01-28 18:50:11.328541
4720,18518,3672,Specimen,1,2010-02-05 12:05:43.493516,2011-01-28 18:50:11.553597
4721,18521,3673,Specimen,1,2010-02-05 12:05:53.809328,2011-01-28 18:50:11.139658
4723,18530,3675,Specimen,1,2010-02-05 12:09:56.522553,2011-01-28 18:50:12.014345
4724,18533,3676,Specimen,1,2010-02-05 12:10:09.832653,2011-01-28 18:50:12.431294
4725,18536,3677,Specimen,1,2010-02-05 12:10:21.381571,2011-01-28 18:50:12.028159
4726,18539,3678,Specimen,1,2010-02-05 12:10:31.28865,2011-01-28 18:50:11.064646
4727,18542,3679,Specimen,1,2010-02-05 12:10:40.937978,2011-01-28 18:50:12.103177
4728,18545,3680,Specimen,1,2010-02-05 12:10:50.679167,2011-01-28 18:50:11.514738
4729,18548,3681,Specimen,1,2010-02-05 12:11:00.557451,2011-01-28 18:50:11.389757
4730,18551,3682,Specimen,1,2010-02-05 12:11:10.64645,2011-01-28 18:50:11.814815
4731,18554,3683,Specimen,1,2010-02-05 12:11:20.190095,2011-01-28 18:50:12.394942
4732,18557,3684,Specimen,1,2010-02-05 12:11:29.976808,2011-01-28 18:50:11.253593
4733,18560,3685,Specimen,1,2010-02-05 12:11:39.535333,2011-01-28 18:50:11.164637
4734,18563,3686,Specimen,1,2010-02-05 12:11:48.959679,2011-01-28 18:50:11.940079
4736,18569,3688,Specimen,1,2010-02-05 12:12:10.218725,2011-01-28 18:50:12.420135
4737,18572,3689,Specimen,1,2010-02-05 12:12:20.672495,2011-01-28 18:50:11.15335
4738,18575,3690,Specimen,1,2010-02-05 12:12:31.234457,2011-01-28 18:50:12.494974
4739,18578,3691,Specimen,1,2010-02-05 12:12:41.554572,2011-01-28 18:50:12.594981
4740,18581,3692,Specimen,1,2010-02-05 12:12:51.694153,2011-01-28 18:50:12.669969
4743,18605,3694,Specimen,1,2010-02-08 09:25:55.619775,2011-01-28 18:50:12.681108
4744,18608,3695,Specimen,1,2010-02-08 09:26:04.886057,2011-01-28 18:50:11.989295
4745,18611,3696,Specimen,1,2010-02-08 09:55:45.473273,2011-01-28 18:50:12.706327
4746,18614,3697,Specimen,1,2010-02-08 09:56:49.450048,2011-01-28 18:50:12.631061
4747,18617,3698,Specimen,1,2010-02-08 09:57:06.133975,2011-01-28 18:50:12.695126
4748,18620,3699,Specimen,1,2010-02-08 09:57:17.278454,2011-01-28 18:50:12.656105
4749,18623,3700,Specimen,1,2010-02-08 09:57:28.2296,2011-01-28 18:50:12.606081
4750,18626,3701,Specimen,1,2010-02-08 09:57:41.044561,2011-01-28 18:50:12.456313
4751,18629,3702,Specimen,1,2010-02-08 09:57:52.121877,2011-01-28 18:50:12.619976
4752,18632,3703,Specimen,1,2010-02-08 09:58:02.977356,2011-01-28 18:50:12.228264
4753,18635,3704,Specimen,1,2010-02-08 09:58:13.585822,2011-01-28 18:50:12.253346
4754,18638,3705,Specimen,1,2010-02-08 09:58:26.603412,2011-01-28 18:50:12.153233
4755,18641,3706,Specimen,1,2010-02-08 09:58:38.35845,2011-01-28 18:50:11.31475
4756,18644,3707,Specimen,1,2010-02-08 09:58:48.454096,2011-01-28 18:50:11.67872
4757,18647,3708,Specimen,1,2010-02-08 09:58:59.419167,2011-01-28 18:50:11.66481
4758,18650,3709,Specimen,1,2010-02-08 09:59:26.091723,2011-01-28 18:50:12.203256
4760,18656,3711,Specimen,1,2010-02-08 10:00:55.549156,2011-01-28 18:50:11.978244
4761,18659,3712,Specimen,1,2010-02-08 10:01:06.324291,2011-01-28 18:50:11.364845
4762,18662,3713,Specimen,1,2010-02-08 10:01:19.468644,2011-01-28 18:50:11.453601
4764,18668,3715,Specimen,1,2010-02-08 10:01:42.118885,2011-01-28 18:50:11.828548
4765,18671,3716,Specimen,1,2010-02-08 10:01:53.169651,2011-01-28 18:50:11.503599
4766,18674,3717,Specimen,1,2010-02-08 10:02:04.717608,2011-01-28 18:50:11.089614
4767,18677,3718,Specimen,1,2010-02-08 10:02:16.828967,2011-01-28 18:50:12.406281
4768,18680,3719,Specimen,1,2010-02-08 10:02:29.151781,2011-01-28 18:50:11.228713
4769,18683,3720,Specimen,1,2010-02-08 10:02:43.171885,2011-01-28 18:50:11.039658
4770,18686,3721,Specimen,1,2010-02-08 10:02:54.241662,2011-01-28 18:50:12.189356
4771,18689,3722,Specimen,1,2010-02-08 10:03:04.8459,2011-01-28 18:50:12.369754
4772,18692,3723,Specimen,1,2010-02-08 10:03:17.988628,2011-01-28 18:50:11.464563
4773,18695,3724,Specimen,1,2010-02-08 10:04:31.980463,2011-01-28 18:50:11.278593
4774,18698,3725,Specimen,1,2010-02-08 10:04:51.00708,2011-01-28 18:50:11.839736
4775,18701,3726,Specimen,1,2010-02-08 10:05:44.894946,2011-01-28 18:50:11.803714
4776,18704,3727,Specimen,1,2010-02-08 10:07:09.644703,2011-01-28 18:50:11.028349
4777,18707,3728,Specimen,1,2010-02-08 10:07:19.559254,2011-01-28 18:50:11.35362
4778,18710,3729,Specimen,1,2010-02-08 10:07:32.286441,2011-01-28 18:50:12.239928
4779,18713,3730,Specimen,1,2010-02-08 10:07:42.997867,2011-01-28 18:50:12.48111
4780,18716,3731,Specimen,1,2010-02-08 10:07:53.665468,2011-01-28 18:50:12.644954
4781,18719,3732,Specimen,1,2010-02-08 10:08:04.550134,2011-01-28 18:50:11.214751
4782,18722,3733,Specimen,1,2010-02-08 10:08:15.287525,2011-01-28 18:50:11.603591
4784,18728,3735,Specimen,1,2010-02-08 10:08:43.149524,2011-01-28 18:50:11.778784
4785,18731,3736,Specimen,1,2010-02-08 10:08:53.771824,2011-01-28 18:50:11.953959
4787,18737,3738,Specimen,1,2010-02-08 10:09:15.94774,2011-01-28 18:50:11.303631
4788,18740,3739,Specimen,1,2010-02-08 10:09:26.928082,2011-01-28 18:50:11.264739
4789,18743,3740,Specimen,1,2010-02-08 10:09:36.803835,2011-01-28 18:50:11.489773
4790,18746,3741,Specimen,1,2010-02-08 10:09:47.419638,2011-01-28 18:50:11.539746
4791,18749,3742,Specimen,1,2010-02-08 10:09:58.196956,2011-01-28 18:50:11.378603
4792,18752,3743,Specimen,1,2010-02-10 09:22:41.383601,2011-01-28 18:50:11.653668
4793,18755,3744,Specimen,1,2010-02-10 09:22:50.547822,2011-01-28 18:50:11.689788
4794,18758,3745,Specimen,1,2010-02-10 09:22:59.46863,2011-01-28 18:50:12.469984
4795,18761,3746,Specimen,1,2010-02-10 09:23:08.322571,2011-01-28 18:50:11.528607
4796,18764,3747,Specimen,1,2010-02-10 09:23:17.722693,2011-01-28 18:50:11.914912
4797,18767,3748,Specimen,1,2010-02-10 09:23:26.872649,2011-01-28 18:50:11.929166
4798,18770,3749,Specimen,1,2010-02-10 09:23:36.051468,2011-01-28 18:50:11.078312
4799,18773,3750,Specimen,1,2010-02-10 09:23:45.038124,2011-01-28 18:50:11.01466
4801,18779,3752,Specimen,1,2010-02-10 09:24:03.932698,2011-01-28 18:50:12.381356
4803,18785,3754,Specimen,1,2010-02-10 09:24:22.906704,2011-01-28 18:50:12.039468
4804,18788,3755,Specimen,1,2010-02-10 09:24:31.890926,2011-01-28 18:50:11.58976
4805,18791,3756,Specimen,1,2010-02-10 09:24:41.216022,2011-01-28 18:50:11.614743
4806,18794,3757,Specimen,1,2010-02-10 09:24:51.031763,2011-01-28 18:50:11.789786
4807,18797,3758,Specimen,1,2010-02-10 09:25:00.486639,2011-01-28 18:50:11.628602
4808,18800,3759,Specimen,1,2010-02-10 09:25:12.303006,2011-01-28 18:50:11.289798
4809,18803,3760,Specimen,1,2010-02-10 09:25:22.259295,2011-01-28 18:49:42.151835
4810,18806,3761,Specimen,1,2010-02-10 09:25:31.543935,2011-01-28 18:49:42.110092
4811,18809,3762,Specimen,1,2010-02-10 09:25:40.693311,2011-01-28 18:49:42.126813
4812,18812,3763,Specimen,1,2010-02-10 09:25:49.966356,2011-01-28 18:50:12.053157
4813,18815,3764,Specimen,1,2010-02-10 09:25:59.267021,2011-01-28 18:50:12.164385
4814,18818,3765,Specimen,1,2010-02-10 09:26:08.9731,2011-01-28 18:50:12.71999
4815,18821,3766,Specimen,1,2010-02-10 09:26:18.314946,2011-01-28 18:50:11.239738
4816,18824,3767,Specimen,1,2010-02-10 09:26:27.484827,2011-01-28 18:50:11.86469
4817,18827,3768,Specimen,1,2010-02-10 09:26:36.716913,2011-01-28 18:50:12.506117
4818,18830,3769,Specimen,1,2010-02-10 09:26:46.296504,2011-01-28 18:50:11.18962
4819,18833,3770,Specimen,1,2010-02-10 09:26:55.745397,2011-01-28 18:49:42.138075
4820,18836,3771,Specimen,1,2010-02-10 09:27:04.663407,2011-01-28 18:50:11.964299
4821,18839,3772,Specimen,1,2010-02-10 09:27:13.611605,2011-01-28 18:50:11.853676
4822,18842,3773,Specimen,1,2010-02-10 09:27:22.474895,2011-01-28 18:50:12.003194
4824,18848,3775,Specimen,1,2010-02-10 09:27:42.060815,2011-01-28 18:50:11.339749
4825,18851,3776,Specimen,1,2010-02-10 09:27:51.344579,2011-01-28 18:50:12.731088
4826,18854,3777,Specimen,1,2010-02-10 09:28:01.05659,2011-01-28 18:50:11.889663
4827,18857,3778,Specimen,1,2010-02-10 09:28:10.632907,2011-01-28 18:50:11.478646
4828,18860,3779,Specimen,1,2010-02-10 09:28:19.645948,2011-01-28 18:50:12.064301
4829,18863,3780,Specimen,1,2010-02-10 09:28:29.064914,2011-01-28 18:50:11.103558
4830,18866,3781,Specimen,1,2010-02-10 09:28:38.058437,2011-01-28 18:50:11.639812
4831,18869,3782,Specimen,1,2010-02-10 09:28:47.301341,2011-01-28 18:50:11.053351
4832,18872,3783,Specimen,1,2010-02-10 09:28:57.330612,2011-01-28 18:50:12.078177
4833,18875,3784,Specimen,1,2010-02-16 09:33:51.255072,2011-01-28 18:50:10.828378
4834,18878,3785,Specimen,1,2010-02-16 09:34:00.409282,2011-01-28 18:50:10.864655
4835,18881,3786,Specimen,1,2010-02-16 09:34:09.891991,2011-01-28 18:50:10.878381
4836,18884,3787,Specimen,1,2010-02-16 09:34:18.938975,2011-01-28 18:50:10.536793
4837,18887,3788,Specimen,1,2010-02-16 09:34:28.104004,2011-01-28 18:50:10.547948
4838,18890,3789,Specimen,1,2010-02-16 09:34:37.162475,2011-01-28 18:50:10.561782
4839,18893,3790,Specimen,1,2010-02-16 09:34:46.191243,2011-01-28 18:50:10.789735
4840,18896,3791,Specimen,1,2010-02-16 09:34:55.328955,2011-01-28 18:50:10.803472
4841,18899,3792,Specimen,1,2010-02-16 09:35:06.845671,2011-01-28 18:50:10.814671
4842,18902,3793,Specimen,1,2010-02-16 09:35:16.542224,2011-01-28 18:50:10.928363
4843,18905,3794,Specimen,1,2010-02-16 09:35:25.621809,2011-01-28 18:50:10.90346
4844,18908,3795,Specimen,1,2010-02-16 09:35:34.743156,2011-01-28 18:50:10.889604
4845,18911,3796,Specimen,1,2010-02-16 09:35:43.757543,2011-01-28 18:50:10.622916
4846,18914,3797,Specimen,1,2010-02-16 09:35:52.676944,2011-01-28 18:50:10.636791
4847,18917,3798,Specimen,1,2010-02-16 09:36:02.124765,2011-01-28 18:50:10.647916
4848,18920,3799,Specimen,1,2010-02-16 09:36:11.102886,2011-01-28 18:50:10.939709
4849,18923,3800,Specimen,1,2010-02-16 09:36:20.206684,2011-01-28 18:50:10.953348
4850,18926,3801,Specimen,1,2010-02-16 09:36:29.431689,2011-01-28 18:50:10.83975
4851,18929,3802,Specimen,1,2010-02-16 09:36:38.381939,2011-01-28 18:50:10.722906
4852,18932,3803,Specimen,1,2010-02-16 09:36:47.481774,2011-01-28 18:50:10.73678
4853,18935,3804,Specimen,1,2010-02-16 09:36:56.754002,2011-01-28 18:50:10.74805
4854,18938,3805,Specimen,1,2010-02-16 09:37:05.689098,2011-01-28 18:50:10.7618
4855,18941,3806,Specimen,1,2010-02-16 09:37:14.716229,2011-01-28 18:50:10.672932
4856,18944,3807,Specimen,1,2010-02-16 09:37:23.793235,2011-01-28 18:50:10.686779
4857,18947,3808,Specimen,1,2010-02-16 09:37:32.738129,2011-01-28 18:50:10.697905
4858,18950,3809,Specimen,1,2010-02-16 09:37:41.849885,2011-01-28 18:50:10.711803
4859,18953,3810,Specimen,1,2010-02-16 09:37:50.827848,2011-01-28 18:50:10.52292
4860,18956,3811,Specimen,1,2010-02-16 09:38:00.04538,2011-01-28 18:50:10.511786
4861,18959,3812,Specimen,1,2010-02-16 09:38:08.948918,2011-01-28 18:50:10.853353
4862,18962,3813,Specimen,1,2010-02-16 09:38:17.994619,2011-01-28 18:50:10.486804
4863,18965,3814,Specimen,1,2010-02-16 09:38:27.096692,2011-01-28 18:50:10.91479
4864,18968,3815,Specimen,1,2010-02-16 09:38:36.056111,2011-01-28 18:50:10.661751
4869,18986,3820,Specimen,1,2010-02-16 09:41:40.916627,2011-01-28 18:50:10.497913
4870,18989,3821,Specimen,1,2010-02-16 09:41:49.819111,2011-01-28 18:50:10.472934
4871,18992,3822,Specimen,1,2010-02-16 09:41:58.837994,2011-01-28 18:50:10.461783
4872,18995,3823,Specimen,1,2010-02-16 09:42:07.652626,2011-01-28 18:50:10.447943
4875,19004,3826,Specimen,1,2010-02-19 09:16:42.826941,2011-01-28 18:50:19.883467
4876,19007,3827,Specimen,1,2010-02-19 09:16:57.97401,2011-01-28 18:50:19.872246
4877,19010,3828,Specimen,1,2010-02-19 09:17:12.795545,2011-01-28 18:50:19.858356
4878,19013,3829,Specimen,1,2010-02-19 09:17:24.422461,2011-01-28 18:50:19.847248
4879,19016,3830,Specimen,1,2010-02-19 09:17:40.360133,2011-01-28 18:50:19.83337
4880,19019,3831,Specimen,1,2010-02-19 09:17:49.773671,2011-01-28 18:50:19.822271
4881,19022,3832,Specimen,1,2010-02-19 09:18:00.632564,2011-01-28 18:50:19.808363
4882,19025,3833,Specimen,1,2010-02-19 09:18:10.442957,2011-01-28 18:50:19.797355
4883,19028,3834,Specimen,1,2010-02-19 09:18:19.89589,2011-01-28 18:50:19.776113
4884,19031,3835,Specimen,1,2010-02-19 09:18:29.394516,2011-01-28 18:50:19.663497
4885,19034,3836,Specimen,1,2010-02-19 09:18:39.558052,2011-01-28 18:50:19.64993
4886,19037,3837,Specimen,1,2010-02-19 09:18:48.75539,2011-01-28 18:50:19.638887
4887,19040,3838,Specimen,1,2010-02-19 09:18:58.430658,2011-01-28 18:50:19.624429
4888,19043,3839,Specimen,1,2010-02-19 09:19:07.851604,2011-01-28 18:50:19.613253
4889,19046,3840,Specimen,1,2010-02-19 09:19:17.912664,2011-01-28 18:50:19.59955
4890,19049,3841,Specimen,1,2010-02-19 09:19:27.220673,2011-01-28 18:50:18.607648
4891,19052,3842,Specimen,1,2010-02-19 09:19:37.082934,2011-01-28 18:50:18.596557
4892,19055,3843,Specimen,1,2010-02-19 09:19:46.360198,2011-01-28 18:50:18.583147
4893,19058,3844,Specimen,1,2010-02-19 09:19:55.401107,2011-01-28 18:50:18.571793
4894,19061,3845,Specimen,1,2010-02-19 09:20:07.157549,2011-01-28 18:50:18.557851
4895,19064,3846,Specimen,1,2010-02-19 09:20:16.328571,2011-01-28 18:50:18.546814
4896,19067,3847,Specimen,1,2010-02-19 09:20:25.674918,2011-01-28 18:50:19.588233
4897,19070,3848,Specimen,1,2010-02-19 09:20:34.809694,2011-01-28 18:50:19.574394
4898,19073,3849,Specimen,1,2010-02-19 09:20:44.207672,2011-01-28 18:50:19.563271
4899,19076,3850,Specimen,1,2010-02-19 09:20:53.520911,2011-01-28 18:50:19.549916
4901,19082,3852,Specimen,1,2010-02-22 09:07:45.115569,2011-01-28 18:50:19.538281
4902,19085,3853,Specimen,1,2010-02-22 09:07:54.59804,2011-01-28 18:50:19.524403
4903,19088,3854,Specimen,1,2010-02-22 09:08:04.631886,2011-01-28 18:50:19.513294
4904,19091,3855,Specimen,1,2010-02-22 09:08:15.332586,2011-01-28 18:50:19.379934
4905,19094,3856,Specimen,1,2010-02-22 09:08:26.168482,2011-01-28 18:50:19.36604
4906,19097,3857,Specimen,1,2010-02-22 09:08:36.342128,2011-01-28 18:50:19.354992
4907,19100,3858,Specimen,1,2010-02-22 09:08:45.774665,2011-01-28 18:50:19.341079
4908,19103,3859,Specimen,1,2010-02-22 09:08:54.78007,2011-01-28 18:50:19.330083
4909,19106,3860,Specimen,1,2010-02-22 09:09:04.181493,2011-01-28 18:50:19.316209
4910,19109,3861,Specimen,1,2010-02-22 09:09:13.420611,2011-01-28 18:50:19.305114
4911,19112,3862,Specimen,1,2010-02-22 09:09:22.856583,2011-01-28 18:50:19.291
4912,19115,3863,Specimen,1,2010-02-22 09:09:33.242338,2011-01-28 18:50:19.279935
4913,19118,3864,Specimen,1,2010-02-22 09:09:42.63252,2011-01-28 18:50:19.266013
4914,19121,3865,Specimen,1,2010-02-22 09:09:51.372833,2011-01-28 18:50:19.254984
4915,19124,3866,Specimen,1,2010-02-22 09:10:03.871768,2011-01-28 18:50:19.241093
4916,19127,3867,Specimen,1,2010-02-22 09:10:13.192799,2011-01-28 18:50:19.229927
4917,19133,3868,Specimen,1,2010-02-22 09:12:35.33936,2011-01-28 18:50:19.21603
4918,19136,3869,Specimen,1,2010-02-22 09:12:44.617975,2011-01-28 18:50:19.204948
4919,19139,3870,Specimen,1,2010-02-22 09:12:53.797698,2011-01-28 18:50:19.190992
4920,19142,3871,Specimen,1,2010-02-22 09:13:03.601025,2011-01-28 18:50:19.179942
4921,19145,3872,Specimen,1,2010-02-22 09:13:12.760772,2011-01-28 18:50:19.166201
4922,19148,3873,Specimen,1,2010-02-22 09:13:22.061211,2011-01-28 18:50:19.154976
4923,19151,3874,Specimen,1,2010-02-22 09:13:31.158863,2011-01-28 18:50:19.141053
4924,19154,3875,Specimen,1,2010-02-22 09:13:40.54234,2011-01-28 18:50:19.130557
4925,19157,3876,Specimen,1,2010-02-22 09:13:49.659284,2011-01-28 18:50:19.116096
4926,19160,3877,Specimen,1,2010-02-22 09:48:02.660459,2011-01-28 18:50:19.10493
4927,19163,3878,Specimen,1,2010-02-22 09:48:15.735987,2011-01-28 18:50:19.091045
4928,19166,3879,Specimen,1,2010-02-22 09:48:27.126515,2011-01-28 18:50:19.079946
4929,19169,3880,Specimen,1,2010-02-22 09:48:44.800688,2011-01-28 18:50:19.066022
4930,19172,3881,Specimen,1,2010-02-22 09:48:57.986813,2011-01-28 18:50:19.05493
4931,19175,3882,Specimen,1,2010-02-22 09:49:13.965141,2011-01-28 18:50:19.040938
4932,19178,3883,Specimen,1,2010-02-22 09:49:24.01515,2011-01-28 18:50:19.029944
4933,19181,3884,Specimen,1,2010-02-22 09:49:35.433935,2011-01-28 18:50:18.53277
4934,19184,3885,Specimen,1,2010-02-22 09:50:25.717202,2011-01-28 18:50:18.521679
4935,19187,3886,Specimen,1,2010-02-22 09:50:36.822891,2011-01-28 18:50:18.507553
4936,19190,3887,Specimen,1,2010-02-22 09:51:37.373817,2011-01-28 18:50:18.496453
4937,19193,3888,Specimen,1,2010-02-22 09:51:47.686187,2011-01-28 18:50:18.483115
4938,19196,3889,Specimen,1,2010-02-22 09:51:58.559473,2011-01-28 18:50:18.471526
4939,19199,3890,Specimen,1,2010-02-22 09:52:23.956289,2011-01-28 18:50:18.457701
4940,19202,3891,Specimen,1,2010-02-22 09:52:34.371361,2011-01-28 18:50:18.446595
4941,19205,3892,Specimen,1,2010-02-22 09:52:44.750115,2011-01-28 18:50:18.432648
4942,19208,3893,Specimen,1,2010-02-22 09:52:55.617395,2011-01-28 18:50:18.421981
4943,19211,3894,Specimen,1,2010-02-22 09:53:05.659958,2011-01-28 18:50:19.015945
4944,19214,3895,Specimen,1,2010-02-22 09:53:15.5566,2011-01-28 18:50:19.004936
4945,19217,3896,Specimen,1,2010-02-22 09:53:39.47154,2011-01-28 18:50:18.990945
4946,19220,3897,Specimen,1,2010-02-22 09:53:52.888143,2011-01-28 18:50:18.979955
4947,19223,3898,Specimen,1,2010-02-22 09:54:21.41805,2011-01-28 18:50:18.965952
4948,19226,3899,Specimen,1,2010-02-22 09:54:34.885396,2011-01-28 18:50:18.954938
4949,19229,3900,Specimen,1,2010-02-22 09:54:47.053782,2011-01-28 18:50:18.94113
4950,19232,3901,Specimen,1,2010-02-22 09:55:16.660671,2011-01-28 18:50:18.930116
4951,19235,3902,Specimen,1,2010-02-24 09:31:40.683149,2011-01-28 18:50:18.916089
4952,19238,3903,Specimen,1,2010-02-24 09:31:49.976285,2011-01-28 18:50:18.905312
4953,19241,3904,Specimen,1,2010-02-24 09:31:59.509758,2011-01-28 18:50:18.89099
4954,19244,3905,Specimen,1,2010-02-24 09:32:09.117384,2011-01-28 18:50:18.879924
4955,19247,3906,Specimen,1,2010-02-24 09:32:18.950505,2011-01-28 18:50:18.865942
4956,19250,3907,Specimen,1,2010-02-24 09:32:27.923187,2011-01-28 18:50:18.854949
4957,19253,3908,Specimen,1,2010-02-24 09:32:37.044869,2011-01-28 18:50:18.84095
4958,19256,3909,Specimen,1,2010-02-24 09:32:46.561457,2011-01-28 18:50:18.829932
4959,19259,3910,Specimen,1,2010-02-24 09:32:55.939789,2011-01-28 18:50:18.815997
4960,19262,3911,Specimen,1,2010-02-24 09:33:05.204227,2011-01-28 18:50:18.804991
4961,19265,3912,Specimen,1,2010-02-24 09:33:14.679032,2011-01-28 18:50:18.407805
4962,19268,3913,Specimen,1,2010-02-24 09:33:24.140423,2011-01-28 18:50:18.374765
4963,19271,3914,Specimen,1,2010-02-24 09:33:33.162808,2011-01-28 18:50:18.341364
4964,19274,3915,Specimen,1,2010-02-24 09:33:42.600634,2011-01-28 18:50:18.299744
4965,19277,3916,Specimen,1,2010-02-24 09:33:52.441571,2011-01-28 18:50:18.288608
4966,19280,3917,Specimen,1,2010-02-24 09:34:01.868976,2011-01-28 18:50:18.274746
4967,19283,3918,Specimen,1,2010-02-24 09:34:10.976593,2011-01-28 18:50:18.263622
4968,19286,3919,Specimen,1,2010-02-24 09:34:20.37108,2011-01-28 18:50:18.249793
4969,19289,3920,Specimen,1,2010-02-24 09:34:29.680728,2011-01-28 18:50:18.23861
4970,19292,3921,Specimen,1,2010-02-24 09:34:38.787982,2011-01-28 18:50:18.224744
4971,19295,3922,Specimen,1,2010-02-24 09:34:48.04636,2011-01-28 18:50:18.790985
4972,19298,3923,Specimen,1,2010-02-24 09:34:57.373443,2011-01-28 18:50:18.77991
4973,19301,3924,Specimen,1,2010-02-24 09:35:08.941657,2011-01-28 18:50:18.766092
4974,19304,3925,Specimen,1,2010-02-24 09:35:18.274452,2011-01-28 18:50:18.755258
4975,19307,3926,Specimen,1,2010-02-24 09:35:27.475309,2011-01-28 18:50:18.621967
4976,19310,3927,Specimen,1,2010-02-25 09:26:01.935339,2011-01-28 18:50:18.113733
4977,19313,3928,Specimen,1,2010-02-25 09:26:11.329978,2011-01-28 18:50:18.099743
4978,19316,3929,Specimen,1,2010-02-25 09:26:20.745161,2011-01-28 18:50:18.088605
4979,19319,3930,Specimen,1,2010-02-25 09:26:30.243577,2011-01-28 18:50:18.074742
4980,19322,3931,Specimen,1,2010-02-25 09:26:39.453542,2011-01-28 18:50:18.063595
4981,19325,3932,Specimen,1,2010-02-25 09:26:49.422655,2011-01-28 18:50:18.049753
4982,19328,3933,Specimen,1,2010-02-25 09:26:58.580277,2011-01-28 18:50:18.038788
4983,19331,3934,Specimen,1,2010-02-25 09:27:08.631225,2011-01-28 18:50:17.90533
4984,19334,3935,Specimen,1,2010-02-25 09:27:18.360927,2011-01-28 18:50:17.830195
4985,19337,3936,Specimen,1,2010-02-25 09:27:27.436859,2011-01-28 18:50:17.81634
4986,19340,3937,Specimen,1,2010-02-25 09:27:37.219601,2011-01-28 18:50:17.805204
4987,19343,3938,Specimen,1,2010-02-25 09:27:48.973299,2011-01-28 18:50:17.791321
4988,19346,3939,Specimen,1,2010-02-25 09:27:58.839014,2011-01-28 18:50:17.780181
4989,19349,3940,Specimen,1,2010-02-25 09:28:08.453523,2011-01-28 18:50:17.766202
4996,19370,3947,Specimen,1,2010-02-25 09:29:12.696791,2011-01-28 18:50:18.124741
4997,19373,3948,Specimen,1,2010-02-25 09:29:22.074542,2011-01-28 18:50:18.188552
4998,19376,3949,Specimen,1,2010-02-25 09:29:31.134544,2011-01-28 18:50:18.19974
4999,19379,3950,Specimen,1,2010-02-25 09:29:40.60534,2011-01-28 18:50:18.17474
5000,19385,3955,Specimen,1,2010-02-25 10:39:05.629162,2011-01-28 18:50:18.213606
5001,19394,3956,Specimen,1,2010-02-25 10:41:42.673741,2011-01-28 18:50:18.16361
5002,19397,3957,Specimen,1,2010-02-25 10:41:51.930851,2011-01-28 18:50:18.149776
5003,19400,3958,Specimen,1,2010-02-25 10:42:01.136641,2011-01-28 18:50:18.138622
5004,19403,3959,Specimen,1,2010-02-25 10:42:10.678825,2011-01-28 18:50:17.841328
5301,20332,4271,Specimen,1,2010-04-06 09:27:32.003304,2011-01-28 18:50:16.107336
5474,20851,4457,Specimen,1,2010-06-01 17:31:34.447385,2011-01-28 18:50:19.897281
5476,20857,4459,Specimen,1,2010-06-01 17:33:43.112825,2011-01-28 18:50:19.908565
6406,23647,278,Storage,1,2010-08-26 09:38:05.318588,2011-01-28 18:52:32.575739
6408,23653,140,Storage,1,2010-08-26 09:41:22.4557,2011-01-28 18:52:34.681438
6567,24130,5560,Specimen,1,2010-09-03 10:06:47.319528,2011-01-28 18:49:59.83277
6807,24756,5708,Specimen,1,2010-10-04 10:19:54.874711,2011-01-28 18:50:01.150846
6808,24759,5709,Specimen,1,2010-10-04 10:20:00.632398,2011-01-28 18:50:01.159193
6809,24762,5710,Specimen,1,2010-10-04 10:20:03.615708,2011-01-28 18:50:01.167965
6810,24765,5711,Specimen,1,2010-10-04 10:20:06.510938,2011-01-28 18:50:01.183106
6811,24768,5712,Specimen,1,2010-10-04 10:20:09.329051,2011-01-28 18:50:01.192561
6812,24771,5713,Specimen,1,2010-10-04 10:20:12.235305,2011-01-28 18:50:01.294815
6814,24777,5715,Specimen,1,2010-10-04 10:20:18.066917,2011-01-28 18:50:01.326039
6815,24780,5716,Specimen,1,2010-10-04 10:20:20.965927,2011-01-28 18:50:01.334291
6817,24786,5718,Specimen,1,2010-10-04 10:20:26.76349,2011-01-28 18:50:01.350946
6818,24789,5719,Specimen,1,2010-10-04 10:20:29.786224,2011-01-28 18:50:01.359755
6819,24792,5720,Specimen,1,2010-10-04 10:20:32.560935,2011-01-28 18:50:01.375106
6820,24795,5721,Specimen,1,2010-10-04 10:20:35.123488,2011-01-28 18:50:01.384365
6821,24798,5722,Specimen,1,2010-10-04 10:20:37.689994,2011-01-28 18:50:01.392676
6822,24801,5723,Specimen,1,2010-10-04 10:20:40.584425,2011-01-28 18:50:01.526147
6823,24804,5724,Specimen,1,2010-10-04 10:20:43.37699,2011-01-28 18:50:01.541081
6824,24807,5725,Specimen,1,2010-10-04 10:20:46.034317,2011-01-28 18:50:01.551107
6825,24810,5726,Specimen,1,2010-10-04 10:20:48.968324,2011-01-28 18:50:01.559329
6826,24813,5727,Specimen,1,2010-10-04 10:20:51.990695,2011-01-28 18:50:01.567649
6828,24819,5729,Specimen,1,2010-10-04 10:20:57.694328,2011-01-28 18:50:01.584745
6829,24822,5730,Specimen,1,2010-10-04 10:21:00.254271,2011-01-28 18:50:01.599896
6830,24825,5731,Specimen,1,2010-10-04 10:21:03.221317,2011-01-28 18:50:01.609308
6831,24828,5732,Specimen,1,2010-10-04 10:21:05.845386,2011-01-28 18:50:01.626074
6833,24834,5734,Specimen,1,2010-10-04 10:21:11.352393,2011-01-28 18:50:01.649973
6834,24837,5735,Specimen,1,2010-10-04 10:21:14.282404,2011-01-28 18:50:01.659366
6835,24840,5736,Specimen,1,2010-10-04 10:21:17.413099,2011-01-28 18:50:01.667725
6836,24843,5737,Specimen,1,2010-10-04 10:21:20.107492,2011-01-28 18:50:01.684915
6838,24849,5739,Specimen,1,2010-10-04 10:21:25.765317,2011-01-28 18:50:01.709473
6839,24852,5740,Specimen,1,2010-10-04 10:21:28.461026,2011-01-28 18:50:01.717707
6840,24855,5741,Specimen,1,2010-10-04 10:21:31.215231,2011-01-28 18:50:01.617641
6842,24861,5743,Specimen,1,2010-10-04 10:21:36.943295,2011-01-28 18:50:01.726046
6843,24864,5744,Specimen,1,2010-10-04 10:21:39.731338,2011-01-28 18:50:01.734904
6845,24870,5746,Specimen,1,2010-10-04 10:21:45.060595,2011-01-28 18:50:01.759357
6846,24873,5747,Specimen,1,2010-10-04 10:21:47.997262,2011-01-28 18:50:01.767699
6847,24876,5748,Specimen,1,2010-10-04 10:21:52.580563,2011-01-28 18:50:01.776011
6848,24879,5749,Specimen,1,2010-10-04 10:21:55.451909,2011-01-28 18:50:01.784864
6849,24882,5750,Specimen,1,2010-10-04 10:21:58.354732,2011-01-28 18:50:01.799897
6850,24885,5751,Specimen,1,2010-10-04 10:22:01.148205,2011-01-28 18:50:01.809364
6851,24888,5752,Specimen,1,2010-10-04 10:22:03.91418,2011-01-28 18:50:01.817689
6852,24891,5753,Specimen,1,2010-10-04 10:22:06.747135,2011-01-28 18:50:01.826037
6853,24894,5754,Specimen,1,2010-10-04 10:22:09.320802,2011-01-28 18:50:01.834907
6854,24897,5755,Specimen,1,2010-10-04 10:22:12.322276,2011-01-28 18:50:01.849924
6855,24900,5756,Specimen,1,2010-10-04 10:22:15.144075,2011-01-28 18:50:01.859357
6856,24903,5757,Specimen,1,2010-10-04 10:22:17.901694,2011-01-28 18:50:01.867703
6857,24906,5758,Specimen,1,2010-10-04 10:22:20.290492,2011-01-28 18:50:01.876007
6858,24909,5759,Specimen,1,2010-10-04 10:22:22.998502,2011-01-28 18:50:01.88489
6859,24912,5760,Specimen,1,2010-10-04 10:22:25.638477,2011-01-28 18:50:01.899937
6861,24918,5762,Specimen,1,2010-10-04 10:22:31.464721,2011-01-28 18:50:01.917852
6862,24921,5763,Specimen,1,2010-10-04 10:22:34.078872,2011-01-28 18:50:01.926146
6863,24924,5764,Specimen,1,2010-10-04 10:22:36.644614,2011-01-28 18:50:01.934971
6864,24927,5765,Specimen,1,2010-10-04 10:22:40.046136,2011-01-28 18:50:01.950041
6868,24939,5769,Specimen,1,2010-10-04 10:22:50.642139,2011-01-28 18:50:01.999914
6869,24942,5770,Specimen,1,2010-10-04 10:22:53.204351,2011-01-28 18:50:02.009444
6871,24948,5772,Specimen,1,2010-10-04 10:22:58.619239,2011-01-28 18:50:02.026113
6872,24951,5773,Specimen,1,2010-10-04 10:23:01.130945,2011-01-28 18:50:02.159485
6873,24954,5774,Specimen,1,2010-10-04 10:23:03.85258,2011-01-28 18:50:02.167828
6875,24960,5776,Specimen,1,2010-10-04 10:23:09.079325,2011-01-28 18:50:02.184596
6876,24963,5777,Specimen,1,2010-10-04 10:23:11.51803,2011-01-28 18:50:02.192802
6877,24966,5778,Specimen,1,2010-10-04 10:23:14.340891,2011-01-28 18:50:02.201091
6878,24969,5779,Specimen,1,2010-10-04 10:23:16.904422,2011-01-28 18:50:02.209965
6879,24972,5780,Specimen,1,2010-10-04 10:23:19.805785,2011-01-28 18:50:02.224957
6882,24981,5783,Specimen,1,2010-10-04 10:23:28.397215,2011-01-28 18:50:02.251103
6883,24984,5784,Specimen,1,2010-10-04 10:23:31.142895,2011-01-28 18:50:01.976093
6884,24987,5785,Specimen,1,2010-10-04 10:23:33.838042,2011-01-28 18:50:02.259965
6894,25017,5795,Specimen,1,2010-10-08 09:58:43.518061,2011-01-28 18:50:02.375119
6895,25020,5796,Specimen,1,2010-10-08 09:58:46.643334,2011-01-28 18:50:02.38453
6897,25026,5798,Specimen,1,2010-10-08 09:58:52.803306,2011-01-28 18:50:02.401146
6899,25032,5800,Specimen,1,2010-10-08 09:58:59.907188,2011-01-28 18:50:02.425103
6900,25035,5801,Specimen,1,2010-10-08 09:59:03.476066,2011-01-28 18:50:02.434513
6907,25056,5808,Specimen,1,2010-10-08 09:59:25.693462,2011-01-28 18:50:02.492859
6910,25065,5811,Specimen,1,2010-10-08 09:59:35.180302,2011-01-28 18:50:02.524723
6912,25071,5813,Specimen,1,2010-10-08 09:59:41.588473,2011-01-28 18:50:02.549726
6920,25095,5821,Specimen,1,2010-10-08 10:00:07.592526,2011-01-28 18:50:02.62474
6922,25101,5823,Specimen,1,2010-10-08 10:00:14.525922,2011-01-28 18:50:02.649778
6924,25107,5825,Specimen,1,2010-10-08 10:00:20.935225,2011-01-28 18:50:02.791866
6925,25110,5826,Specimen,1,2010-10-08 10:00:24.287306,2011-01-28 18:50:02.801252
6929,25122,5830,Specimen,1,2010-10-08 10:00:36.728924,2011-01-28 18:50:02.841912
6931,25128,5832,Specimen,1,2010-10-08 10:00:43.154079,2011-01-28 18:50:20.230364
6932,25131,5833,Specimen,1,2010-10-08 10:00:46.384538,2011-01-28 18:50:02.859826
7277,26164,6184,Specimen,1,2010-12-02 10:14:32.006017,2011-01-28 18:50:59.647824
7287,26194,6160,Specimen,1,2010-12-02 10:29:40.020225,2011-01-28 18:51:15.859355
7291,26206,911,Storage,2,2010-12-03 10:07:24.705679,2011-05-10 09:39:49.688865
7410,26563,6201,Specimen,2,2010-12-09 12:00:56.637578,2011-05-10 12:41:56.064697
7944,28190,6831,Specimen,1,2011-01-19 14:53:56.208768,2011-01-28 18:51:15.78438
7946,28196,6833,Specimen,1,2011-01-19 14:56:03.760308,2011-01-28 18:51:15.403298
7950,28208,955,Storage,1,2011-01-19 15:45:04.537193,2011-01-28 18:52:35.333212
7953,28217,6846,Specimen,1,2011-01-19 16:26:13.937263,2011-01-28 18:51:15.29549
7954,28220,551,Specimen,2,2011-01-19 16:28:13.588036,2011-01-28 18:51:15.281203
7961,28241,6839,Specimen,1,2011-01-19 17:32:33.319613,2011-01-28 18:51:15.312164
9077,31539,7894,Specimen,1,2011-03-29 08:29:13.878306,2011-03-29 08:29:13.878306
9080,31548,7897,Specimen,1,2011-03-29 08:39:05.883854,2011-03-29 08:39:05.883854
9127,31678,473,Specimen,1,2011-03-29 17:27:06.552766,2011-03-29 17:27:11.363416
9128,31681,1421,Specimen,1,2011-03-29 17:27:46.744986,2011-03-29 17:27:50.248659
9138,31711,6847,Specimen,1,2011-03-29 18:30:00.959905,2011-03-29 18:30:00.959905
9143,31726,7887,Specimen,1,2011-03-30 12:19:35.491321,2011-03-30 12:19:35.491321
9159,31774,875,Storage,1,2011-03-31 12:16:22.742933,2011-03-31 12:16:22.742933
9161,31780,994,Storage,1,2011-03-31 12:18:38.035765,2011-03-31 12:18:38.035765
9181,31840,139,Storage,1,2011-03-31 18:09:47.708335,2011-03-31 18:10:12.74148
9184,31849,1006,Storage,2,2011-03-31 18:19:02.093795,2011-03-31 18:19:02.093795
9246,31993,472,Specimen,1,2011-04-07 10:31:27.885579,2011-04-07 10:31:30.002083
9284,32112,1020,Storage,1,2011-04-15 10:37:33.291347,2011-04-15 10:37:33.291347
9299,32157,8025,Specimen,1,2011-04-16 13:52:15.696936,2011-04-16 13:52:15.696936
9301,32163,8026,Specimen,1,2011-04-16 17:42:43.109586,2011-04-16 17:42:43.109586
9333,32253,8061,Specimen,1,2011-04-25 09:35:18.104432,2011-04-25 09:35:18.104432
9400,32466,1037,Storage,2,2011-05-04 16:23:50.618635,2011-05-04 16:24:05.621609
9401,32469,1037,Storage,1,2011-05-04 16:24:03.248599,2011-05-04 16:24:05.623227
9403,32475,8119,Specimen,2,2011-05-04 16:42:56.132093,2011-05-04 16:42:56.132093
9404,32478,8120,Specimen,2,2011-05-04 16:43:09.145101,2011-05-04 16:43:09.145101
9405,32481,8121,Specimen,2,2011-05-04 16:43:27.466677,2011-05-04 16:43:27.466677
9414,32508,8119,Specimen,1,2011-05-04 17:34:04.706594,2011-05-04 17:34:15.995999
9415,32511,8119,Specimen,3,2011-05-04 17:34:12.318483,2011-05-04 17:34:12.318483
9416,32514,8120,Specimen,1,2011-05-04 17:34:28.935389,2011-05-04 17:34:37.606668
9418,32518,8121,Specimen,1,2011-05-04 17:35:03.819058,2011-05-04 17:35:16.859807
9419,32521,8121,Specimen,3,2011-05-04 17:35:14.435661,2011-05-04 17:35:14.435661
9422,32530,8120,Specimen,3,2011-05-04 19:02:20.792898,2011-05-04 19:02:20.792898
9443,32593,1040,Storage,2,2011-05-07 15:59:09.432946,2011-05-07 15:59:09.432946
9445,32599,8145,Specimen,2,2011-05-07 16:00:57.201669,2011-05-07 16:00:57.201669
9446,32602,8146,Specimen,2,2011-05-07 16:01:07.19224,2011-05-07 16:01:07.19224
9447,32605,8147,Specimen,2,2011-05-07 16:01:17.767312,2011-05-07 16:01:17.767312
9448,32608,8148,Specimen,2,2011-05-07 16:01:28.484084,2011-05-07 16:01:28.484084
9449,32611,8149,Specimen,2,2011-05-07 16:01:45.040089,2011-05-07 16:01:45.040089
9462,32650,911,Storage,1,2011-05-10 09:39:45.563816,2011-05-10 09:39:49.700767
9468,32668,6201,Specimen,1,2011-05-10 12:41:51.891934,2011-05-10 12:41:56.066512
9479,32701,1040,Storage,1,2011-05-11 14:33:48.02517,2011-05-11 14:33:51.1224
9489,32731,8158,Specimen,2,2011-05-12 12:40:58.478792,2011-05-12 12:40:58.478792
9490,32734,8149,Specimen,3,2011-05-12 12:41:17.656432,2011-05-12 12:41:17.656432
9491,32737,8148,Specimen,3,2011-05-12 12:41:34.356843,2011-05-12 12:41:34.356843
9492,32740,8145,Specimen,3,2011-05-12 12:41:52.72891,2011-05-12 12:41:52.72891
9493,32743,8159,Specimen,2,2011-05-12 12:42:15.357726,2011-05-12 12:42:15.357726
9497,32755,1043,Storage,1,2011-05-14 18:52:11.523864,2011-05-14 18:52:11.523864
9499,32761,8174,Specimen,1,2011-05-14 19:03:37.646657,2011-05-14 19:03:37.646657
9500,32764,8173,Specimen,1,2011-05-14 19:03:48.9393,2011-05-14 19:03:48.9393
9501,32767,8172,Specimen,1,2011-05-14 19:03:58.805997,2011-05-14 19:03:58.805997
9502,32770,8171,Specimen,1,2011-05-14 19:04:08.781156,2011-05-14 19:04:08.781156
9503,32773,8170,Specimen,1,2011-05-14 19:04:25.397978,2011-05-14 19:04:25.397978
9510,32794,8173,Specimen,2,2011-05-16 17:40:31.806494,2011-05-16 17:40:31.806494
9511,32797,8173,Specimen,3,2011-05-16 17:40:44.859279,2011-05-16 17:40:44.859279
9512,32800,8174,Specimen,2,2011-05-16 17:41:14.518134,2011-05-16 17:41:14.518134
9513,32803,8174,Specimen,3,2011-05-16 17:41:26.651219,2011-05-16 17:41:26.651219
9517,32815,8171,Specimen,2,2011-05-16 17:49:58.278922,2011-05-16 17:49:58.278922
9518,32818,8171,Specimen,3,2011-05-16 17:56:45.86273,2011-05-16 17:56:45.86273
9519,32821,8170,Specimen,2,2011-05-16 17:57:11.997212,2011-05-16 17:57:11.997212
9520,32824,8170,Specimen,3,2011-05-16 17:57:24.879699,2011-05-16 17:57:24.879699
9521,32827,8172,Specimen,2,2011-05-16 17:57:54.980334,2011-05-16 17:57:54.980334
9522,32830,8172,Specimen,3,2011-05-16 17:58:09.980743,2011-05-16 17:58:09.980743
9523,32833,8148,Specimen,4,2011-05-16 17:59:41.744691,2011-05-16 17:59:41.744691
9525,32839,8145,Specimen,4,2011-05-16 18:01:00.024196,2011-05-16 18:01:00.024196
9526,32842,8147,Specimen,3,2011-05-16 18:01:54.595564,2011-05-16 18:01:54.595564
9527,32845,8158,Specimen,3,2011-05-16 18:03:07.829233,2011-05-16 18:03:07.829233
9528,32848,8149,Specimen,4,2011-05-16 18:03:26.212604,2011-05-16 18:03:26.212604
9530,32854,8148,Specimen,1,2011-05-17 09:27:38.58491,2011-05-17 09:40:23.026918
9531,32857,8145,Specimen,1,2011-05-17 09:28:47.652157,2011-05-17 09:40:39.156145
9532,32860,8146,Specimen,1,2011-05-17 09:29:08.252208,2011-05-17 09:40:54.517727
9533,32863,8147,Specimen,1,2011-05-17 09:29:35.418744,2011-05-17 09:41:05.860445
9543,32893,8159,Specimen,1,2011-05-17 09:31:23.208185,2011-05-17 09:41:26.394418
9544,32896,8160,Specimen,1,2011-05-17 09:31:40.433513,2011-05-17 09:31:40.433513
9545,32899,8158,Specimen,1,2011-05-17 09:32:04.334033,2011-05-17 09:41:36.014208
9546,32902,8149,Specimen,1,2011-05-17 09:32:21.150711,2011-05-17 09:41:45.435346
9556,32932,1047,Storage,1,2011-05-18 19:44:34.405161,2011-05-18 19:44:34.405161
9557,32935,8205,Specimen,1,2011-05-18 19:46:15.091625,2011-05-18 19:46:15.091625
9559,32941,8199,Specimen,1,2011-05-18 19:46:36.353061,2011-05-18 19:46:36.353061
9560,32944,8200,Specimen,1,2011-05-18 19:46:50.869878,2011-05-18 19:46:50.869878
9561,32947,8201,Specimen,1,2011-05-18 19:47:01.428573,2011-05-18 19:47:01.428573
9564,32956,8204,Specimen,1,2011-05-18 19:47:48.378658,2011-05-18 19:47:48.378658
9572,32980,8202,Specimen,1,2011-05-19 10:36:38.96968,2011-05-19 10:36:38.96968
9573,32983,8203,Specimen,1,2011-05-19 10:37:11.195111,2011-05-19 10:37:11.195111
9576,32992,8200,Specimen,2,2011-05-19 13:31:57.83803,2011-05-19 13:31:57.83803
9577,32995,8200,Specimen,3,2011-05-19 13:32:11.934795,2011-05-19 13:32:11.934795
9578,32998,8201,Specimen,2,2011-05-19 13:32:32.654284,2011-05-19 13:32:32.654284
9579,33001,8201,Specimen,3,2011-05-19 13:32:47.021267,2011-05-19 13:32:47.021267
9580,33004,8202,Specimen,2,2011-05-19 13:33:07.918588,2011-05-19 13:33:07.918588
9581,33007,8202,Specimen,3,2011-05-19 13:33:18.326975,2011-05-19 13:33:18.326975
9582,33010,8199,Specimen,2,2011-05-19 13:33:42.038207,2011-05-19 13:33:42.038207
9583,33013,8199,Specimen,3,2011-05-19 13:33:54.221617,2011-05-19 13:33:54.221617
9584,33016,8204,Specimen,2,2011-05-19 13:34:56.196538,2011-05-19 13:34:56.196538
9585,33019,8204,Specimen,3,2011-05-19 13:35:05.094481,2011-05-19 13:35:05.094481
9586,33022,8203,Specimen,2,2011-05-19 13:35:23.186554,2011-05-19 13:35:23.186554
9587,33025,8203,Specimen,3,2011-05-19 13:35:33.673049,2011-05-19 13:35:33.673049
9618,33116,8159,Specimen,3,2011-05-20 08:12:11.913735,2011-05-20 08:12:11.913735
9619,33119,8158,Specimen,4,2011-05-20 08:13:53.881368,2011-05-20 08:13:53.881368
9620,33122,8148,Specimen,5,2011-05-20 08:17:28.674844,2011-05-20 08:17:28.674844
9621,33125,8149,Specimen,5,2011-05-20 08:21:15.034855,2011-05-20 08:21:15.034855
9622,33128,8145,Specimen,5,2011-05-20 08:24:14.535988,2011-05-20 08:24:14.535988
9623,33131,1047,Storage,2,2011-05-21 17:29:26.842065,2011-05-21 17:29:26.842065
9624,33134,1047,Storage,3,2011-05-21 17:31:34.568047,2011-05-21 17:31:34.568047
9625,33137,1047,Storage,4,2011-05-21 17:36:43.527052,2011-05-21 17:36:43.527052
9626,33140,1047,Storage,5,2011-05-21 17:36:53.602643,2011-05-21 17:36:53.602643
9627,33143,1047,Storage,6,2011-05-21 17:40:51.679041,2011-05-21 17:40:51.679041
9838,33740,8411,Specimen,1,2011-06-14 09:49:23.329628,2011-06-14 09:49:23.329628
9842,33752,8415,Specimen,1,2011-06-14 09:49:45.012875,2011-06-14 09:49:45.012875
9847,33767,8420,Specimen,1,2011-06-14 09:50:10.746771,2011-06-14 09:50:10.746771
9848,33770,8421,Specimen,1,2011-06-14 09:50:16.106767,2011-06-14 09:50:16.106767
9852,33782,8425,Specimen,1,2011-06-14 09:50:35.33003,2011-06-14 09:50:35.33003
10936,32103,8015,Specimen,1,2011-11-25 11:30:33.297288,2011-11-25 11:30:33.297288
10937,32142,8015,Specimen,2,2011-11-25 11:30:52.873047,2011-11-25 11:30:52.873047
11005,35752,9491,Specimen,1,2011-12-01 11:14:25.535545,2011-12-01 11:14:25.535545
11040,35787,123,Storage,1,2011-12-08 15:39:51.820801,2011-12-08 15:39:51.820801
11049,35796,1134,Storage,1,2011-12-12 10:03:16.904866,2011-12-12 10:03:16.904866
11114,35861,956,Storage,1,2011-12-19 09:56:11.913425,2011-12-19 09:56:11.913425
11115,35862,133,Storage,1,2011-12-19 19:17:40.045843,2011-12-19 19:17:40.045843
11160,35907,134,Storage,1,2011-12-22 14:33:12.130261,2011-12-22 14:33:12.130261
11366,36139,9804,Specimen,1,2012-01-24 09:23:39.282822,2012-01-24 09:23:39.282822
11392,36165,9829,Specimen,1,2012-01-27 09:28:17.12842,2012-01-27 09:28:17.12842
11393,36166,9830,Specimen,1,2012-01-27 09:30:04.874405,2012-01-27 09:30:04.874405
11395,36168,9832,Specimen,1,2012-01-27 09:38:34.272856,2012-01-27 09:38:34.272856
11396,36169,9832,Specimen,2,2012-01-27 09:39:53.85222,2012-01-27 09:39:53.85222
11405,36178,9839,Specimen,1,2012-01-30 09:30:29.693052,2012-01-30 09:30:29.693052
11418,36191,1157,Storage,1,2012-01-30 10:29:08.130886,2012-01-30 10:29:08.130886
11419,36192,1157,Storage,2,2012-01-30 10:29:16.53039,2012-01-30 10:29:16.53039
11460,36233,9892,Specimen,1,2012-02-03 09:35:10.563774,2012-02-03 09:35:10.563774
11462,36235,9893,Specimen,1,2012-02-03 09:40:45.42464,2012-02-03 09:40:45.42464
11464,36237,9895,Specimen,1,2012-02-03 09:46:56.63886,2012-02-03 09:46:56.63886
11466,36239,9905,Specimen,1,2012-02-03 09:50:58.066791,2012-02-03 09:50:58.066791
11476,31864,1161,Storage,1,2012-02-06 09:50:46.767243,2012-02-06 09:50:46.767243
11482,36254,9915,Specimen,1,2012-02-07 09:43:42.083282,2012-02-07 09:43:42.083282
11483,36255,9916,Specimen,1,2012-02-07 09:47:18.6966,2012-02-07 09:47:18.6966
11484,36256,9917,Specimen,1,2012-02-07 09:51:02.14973,2012-02-07 09:51:02.14973
11497,36269,9928,Specimen,1,2012-02-10 09:35:51.262583,2012-02-10 09:35:51.262583
11909,36671,10318,Specimen,1,2012-03-23 09:36:57.164794,2012-03-23 09:36:57.164794
12509,37267,1023,Storage,1,2012-05-09 12:30:43.309348,2012-05-09 12:30:43.309348
12618,37363,135,Storage,2,2012-05-17 15:21:56.238275,2012-05-17 15:21:56.238275
12709,37429,893,Storage,1,2012-05-23 16:12:52.305673,2012-05-23 16:12:52.305673
12765,37482,123,Storage,2,2012-05-26 19:15:15.688994,2012-05-26 19:15:15.688994
12766,37483,367,Storage,1,2012-05-26 19:16:00.139025,2012-05-26 19:16:00.139025
13085,37800,134,Storage,2,2012-06-12 16:19:20.045744,2012-06-12 16:19:20.045744
13276,37980,819,Storage,1,2012-06-25 09:39:55.871347,2012-06-25 09:39:55.871347
13815,38503,1006,Storage,3,2012-09-19 15:35:41.651122,2012-09-19 15:35:41.651122
13939,38628,43,Storage,1,2012-10-03 15:45:34.172787,2012-10-03 15:45:34.172787
14319,39004,875,Storage,2,2012-11-16 19:23:46.185393,2012-11-16 19:23:46.185393
14614,39300,1006,Storage,1,2012-12-25 09:51:36.169075,2012-12-25 09:52:57.137289
15190,39856,8023,Specimen,2,2013-02-14 18:37:42.840725,2013-02-14 18:37:42.840725
15191,39857,8023,Specimen,1,2013-02-14 18:37:52.157225,2013-02-14 18:42:53.569936
15192,39858,8023,Specimen,3,2013-02-14 18:38:00.682183,2013-02-14 18:38:00.682183
15193,39859,8023,Specimen,4,2013-02-14 18:38:09.898911,2013-02-14 18:38:09.898911
15194,39860,8023,Specimen,5,2013-02-14 18:38:17.881752,2013-02-14 18:38:17.881752
15195,39861,8023,Specimen,6,2013-02-14 18:38:26.032744,2013-02-14 18:38:26.032744
15196,39862,8023,Specimen,7,2013-02-14 18:38:34.890407,2013-02-14 18:38:34.890407
15197,39863,8023,Specimen,8,2013-02-14 18:38:43.432407,2013-02-14 18:38:43.432407
15198,39864,8023,Specimen,9,2013-02-14 18:38:54.21582,2013-02-14 18:38:54.21582
15199,39865,8023,Specimen,10,2013-02-14 18:39:04.015802,2013-02-14 18:39:04.015802
15201,39867,8023,Specimen,11,2013-02-14 18:39:27.515881,2013-02-14 18:39:27.515881
15202,39868,8023,Specimen,12,2013-02-14 18:39:38.565894,2013-02-14 18:39:38.565894
15203,39869,8023,Specimen,13,2013-02-14 18:39:49.499604,2013-02-14 18:39:49.499604
15204,39870,8023,Specimen,14,2013-02-14 18:40:01.542021,2013-02-14 18:40:01.542021
15205,39871,8023,Specimen,15,2013-02-14 18:40:12.122598,2013-02-14 18:40:12.122598
15206,39872,8023,Specimen,16,2013-02-14 18:40:22.349991,2013-02-14 18:40:22.349991
15208,39874,8023,Specimen,17,2013-02-14 18:40:49.841482,2013-02-14 18:40:49.841482
15209,39875,8023,Specimen,18,2013-02-14 18:41:08.584621,2013-02-14 18:41:08.584621
15210,39876,8023,Specimen,19,2013-02-14 18:41:18.675023,2013-02-14 18:41:18.675023
15211,39877,8023,Specimen,20,2013-02-14 18:41:29.47498,2013-02-14 18:41:29.47498
15212,39878,1331,Storage,1,2013-02-14 18:45:58.33938,2013-02-14 18:45:58.33938
15213,39879,8122,Specimen,1,2013-02-14 18:47:04.849773,2013-02-14 18:47:04.849773
15214,39880,8122,Specimen,2,2013-02-14 18:47:21.794848,2013-02-14 18:47:21.794848
15216,39882,8107,Specimen,2,2013-02-14 18:49:48.811396,2013-02-14 18:52:00.599586
15217,39883,8107,Specimen,3,2013-02-14 18:49:55.686476,2013-02-14 18:49:55.686476
15218,39884,8107,Specimen,4,2013-02-14 18:50:03.678004,2013-02-14 18:50:03.678004
15219,39885,8107,Specimen,1,2013-02-14 18:50:10.169811,2013-02-14 19:09:59.052516
15220,39886,8107,Specimen,5,2013-02-14 18:50:16.873178,2013-02-14 18:50:16.873178
15221,39887,8107,Specimen,6,2013-02-14 18:50:29.550483,2013-02-14 18:50:29.550483
15222,39888,8107,Specimen,7,2013-02-14 18:50:37.658317,2013-02-14 18:50:37.658317
15223,39889,8107,Specimen,8,2013-02-14 18:50:46.361565,2013-02-14 18:50:46.361565
15224,39890,8107,Specimen,9,2013-02-14 18:50:56.417639,2013-02-14 18:50:56.417639
15225,39891,8107,Specimen,10,2013-02-14 18:51:06.103921,2013-02-14 18:51:06.103921
15226,39892,8107,Specimen,11,2013-02-14 18:51:15.794066,2013-02-14 18:51:15.794066
15228,39894,8107,Specimen,12,2013-02-14 18:51:35.675235,2013-02-14 18:51:35.675235
15229,39895,8107,Specimen,13,2013-02-14 18:51:45.112351,2013-02-14 18:51:45.112351
15230,39896,8107,Specimen,14,2013-02-14 18:51:54.470749,2013-02-14 18:51:54.470749
15231,39897,8198,Specimen,1,2013-02-14 18:53:50.287017,2013-02-14 18:53:50.287017
15232,39898,8198,Specimen,2,2013-02-14 18:54:06.320376,2013-02-14 18:54:06.320376
15233,39899,8106,Specimen,6,2013-02-14 18:54:59.043597,2013-02-14 18:54:59.043597
15234,39900,8106,Specimen,6,2013-02-14 18:55:05.805442,2013-02-14 18:55:05.805442
15235,39901,8106,Specimen,7,2013-02-14 18:55:13.372264,2013-02-14 18:55:13.372264
15236,39902,8106,Specimen,2,2013-02-14 18:55:20.010585,2013-02-14 18:57:12.811174
15238,39904,8106,Specimen,4,2013-02-14 18:55:34.022004,2013-02-14 18:57:06.723101
15239,39905,8106,Specimen,3,2013-02-14 18:55:42.222269,2013-02-14 18:57:09.563416
15240,39906,8106,Specimen,8,2013-02-14 18:55:48.618984,2013-02-14 18:55:48.618984
15241,39907,8106,Specimen,1,2013-02-14 18:55:56.622075,2013-02-14 18:57:19.133068
15242,39908,8106,Specimen,9,2013-02-14 18:56:07.122356,2013-02-14 18:56:07.122356
15243,39909,8106,Specimen,10,2013-02-14 18:56:16.777928,2013-02-14 18:56:16.777928
15245,39911,8106,Specimen,11,2013-02-14 18:56:34.570621,2013-02-14 18:56:34.570621
15246,39912,8106,Specimen,12,2013-02-14 18:56:47.901466,2013-02-14 18:56:47.901466
15247,39913,8106,Specimen,13,2013-02-14 18:56:58.121149,2013-02-14 18:56:58.121149
15248,39914,8175,Specimen,1,2013-02-14 18:58:12.390686,2013-02-14 18:58:12.390686
15249,39915,8175,Specimen,2,2013-02-14 18:58:25.163033,2013-02-14 18:58:25.163033
15250,39916,8024,Specimen,3,2013-02-14 19:00:10.207143,2013-02-14 19:00:10.207143
15251,39917,8024,Specimen,4,2013-02-14 19:00:15.853612,2013-02-14 19:00:15.853612
15252,39918,8024,Specimen,5,2013-02-14 19:00:24.985689,2013-02-14 19:00:24.985689
15253,39919,8024,Specimen,6,2013-02-14 19:00:30.920702,2013-02-14 19:00:30.920702
15255,39921,8024,Specimen,1,2013-02-14 19:00:49.560721,2013-02-14 19:09:18.793237
15256,39922,8024,Specimen,2,2013-02-14 19:00:59.900686,2013-02-14 19:01:02.127816
15257,39923,8024,Specimen,7,2013-02-14 19:01:14.264165,2013-02-14 19:01:14.264165
15258,39924,8024,Specimen,8,2013-02-14 19:01:22.873693,2013-02-14 19:01:22.873693
15259,39925,8024,Specimen,9,2013-02-14 19:01:31.565255,2013-02-14 19:01:31.565255
15260,39926,8024,Specimen,10,2013-02-14 19:01:36.895554,2013-02-14 19:01:36.895554
15261,39927,8024,Specimen,11,2013-02-14 19:01:45.058433,2013-02-14 19:01:45.058433
15262,39928,8024,Specimen,12,2013-02-14 19:01:52.931731,2013-02-14 19:01:52.931731
15263,39929,8024,Specimen,13,2013-02-14 19:02:00.82265,2013-02-14 19:02:00.82265
15264,39930,8024,Specimen,14,2013-02-14 19:02:09.884545,2013-02-14 19:02:09.884545
15265,39931,8024,Specimen,15,2013-02-14 19:02:17.374052,2013-02-14 19:02:17.374052
15266,39932,8024,Specimen,16,2013-02-14 19:02:29.622879,2013-02-14 19:02:29.622879
15267,39933,8024,Specimen,17,2013-02-14 19:02:47.59903,2013-02-14 19:02:47.59903
15268,39934,8024,Specimen,18,2013-02-14 19:02:59.775415,2013-02-14 19:02:59.775415
15269,39935,8024,Specimen,19,2013-02-14 19:03:09.959017,2013-02-14 19:03:09.959017
15270,39936,8150,Specimen,1,2013-02-14 19:04:05.395866,2013-02-14 19:04:05.395866
15271,39937,8150,Specimen,2,2013-02-14 19:04:22.06293,2013-02-14 19:04:22.06293
15272,39938,8150,Specimen,3,2013-02-14 19:04:34.371212,2013-02-14 19:04:34.371212
15273,39939,8108,Specimen,3,2013-02-14 19:06:13.964993,2013-02-14 19:06:13.964993
15274,39940,8108,Specimen,4,2013-02-14 19:06:20.471371,2013-02-14 19:06:20.471371
15275,39941,8108,Specimen,5,2013-02-14 19:06:27.933429,2013-02-14 19:06:27.933429
15276,39942,8108,Specimen,2,2013-02-14 19:06:35.523265,2013-02-14 19:06:40.784743
15277,39943,8108,Specimen,6,2013-02-14 19:06:50.455392,2013-02-14 19:06:50.455392
15278,39944,8108,Specimen,7,2013-02-14 19:06:57.765814,2013-02-14 19:06:57.765814
15279,39945,8108,Specimen,8,2013-02-14 19:07:04.40039,2013-02-14 19:07:04.40039
15280,39946,8108,Specimen,1,2013-02-14 19:07:11.673734,2013-02-14 19:07:14.095521
15281,39947,8108,Specimen,9,2013-02-14 19:07:21.813386,2013-02-14 19:07:21.813386
15282,39948,8108,Specimen,10,2013-02-14 19:07:30.030968,2013-02-14 19:07:30.030968
15283,39949,8108,Specimen,11,2013-02-14 19:07:37.632284,2013-02-14 19:07:37.632284
15284,39950,8108,Specimen,12,2013-02-14 19:07:49.899649,2013-02-14 19:07:49.899649
15285,39951,8108,Specimen,13,2013-02-14 19:08:00.024748,2013-02-14 19:08:00.024748
15286,39952,8108,Specimen,14,2013-02-14 19:08:10.432828,2013-02-14 19:08:10.432828
15287,39953,1545,Abundance,1,2013-02-14 19:15:37.996883,2013-02-14 19:15:37.996883
15288,39954,1548,Abundance,1,2013-02-14 19:29:00.721015,2013-02-14 19:29:00.721015
