id,name,description,latitude,longitude,elevation,created_at,updated_at
2,,,-24.555,30.777,,2008-11-20 05:15:24.75262,2009-02-24 20:06:12.534334
3,,,-24.5452,30.73898,,2008-11-20 05:15:24.780433,2009-02-24 20:06:12.573395
4,,,-24.2655,29.88825,,2008-11-20 05:15:24.81513,2009-02-24 20:06:12.593949
5,,,-24.98028,29.83778,,2008-11-20 05:15:24.905585,2009-02-24 20:06:12.609297
6,,,-24.98468,29.83498,,2008-11-20 05:15:24.93533,2009-02-24 20:06:12.62458
7,,,-24.99447,29.32337,,2008-11-20 05:15:24.971096,2009-02-24 20:06:12.640225
8,,,-24.99098,29.32348,,2008-11-20 05:15:25.00012,2009-02-24 20:06:12.655559
9,test,test,-25.04103,29.29353,,2008-11-20 05:15:25.036278,2010-10-19 11:45:33.248483
10,,,-25.03583,29.29545,,2008-11-20 05:15:25.063789,2009-02-24 20:06:12.686449
11,,,-24.98582,29.28802,,2008-11-20 05:15:25.093582,2009-02-24 20:06:12.701872
12,,,-25.01543,29.26195,,2008-11-20 05:15:25.12387,2009-02-24 20:06:12.717195
13,,,-25.05712,29.22887,,2008-11-20 05:15:25.153378,2009-02-24 20:06:12.732602
14,,,-25.06313,29.24688,,2008-11-20 05:15:25.189034,2009-02-24 20:06:12.752333
15,,,-25.01785,29.2607,,2008-11-20 05:15:25.217816,2009-02-24 20:06:12.767603
16,,,-24.8759,29.33742,,2008-11-20 05:15:25.252558,2009-02-24 20:06:12.782763
17,,,-24.87948,29.3301,,2008-11-20 05:15:25.2811,2009-02-24 20:06:12.797795
18,,,-24.8828,29.3222,,2008-11-20 05:15:25.309528,2009-02-24 20:06:12.812973
19,,,-24.93752,29.34755,,2008-11-20 05:15:25.355843,2009-02-24 20:06:12.832499
20,,,-25.2164,29.3815,,2008-11-20 05:15:25.386995,2009-02-24 20:06:12.848232
21,,,-22.52937,29.96557,,2008-11-20 05:15:25.414335,2009-02-24 20:06:12.867465
22,,,-22.51958,29.9707,,2008-11-20 05:15:25.469754,2009-02-24 20:06:12.882767
23,,,-22.52157,30.1386,,2008-11-20 05:15:25.525748,2009-02-24 20:06:12.898075
24,,,-22.58752,30.1619,,2008-11-20 05:15:25.567386,2009-02-24 20:06:12.91372
25,,,-22.59652,30.1629,,2008-11-20 05:15:25.595013,2009-02-24 20:06:12.932889
26,,,-22.60012,30.1636,,2008-11-20 05:15:25.631179,2009-02-24 20:06:12.948642
27,,,-22.60338,30.17392,,2008-11-20 05:15:25.661022,2009-02-24 20:06:12.963984
28,,,-22.6359,30.13368,,2008-11-20 05:15:25.693523,2009-02-24 20:06:12.979785
29,,,-22.67235,30.06625,,2008-11-20 05:15:25.76439,2009-02-24 20:06:12.995467
30,,,-22.67327,30.062,,2008-11-20 05:15:25.793152,2009-02-24 20:06:13.012783
31,,,-22.4956,29.98043,,2008-11-20 05:15:25.828987,2009-02-24 20:06:13.02841
32,,,-22.49373,29.98307,,2008-11-20 05:15:25.861703,2009-02-24 20:06:13.043984
33,,,-22.4324,30.00175,,2008-11-20 05:15:25.894919,2009-02-24 20:06:13.059637
34,,,-22.30825,30.10962,,2008-11-20 05:15:25.923821,2009-02-24 20:06:13.078727
35,,,-22.309,30.11868,,2008-11-20 05:15:25.991386,2009-02-24 20:06:13.094131
36,,,-22.31318,30.1246,,2008-11-20 05:15:26.020631,2009-02-24 20:06:13.109568
37,,,-22.2908,29.83027,,2008-11-20 05:15:26.081369,2009-02-24 20:06:13.125197
38,,,-22.28193,29.80905,,2008-11-20 05:15:26.136743,2009-02-24 20:06:13.213243
39,,,-22.26672,29.76778,,2008-11-20 05:15:26.165082,2009-02-24 20:06:13.243897
40,,,-22.3917,29.1966,,2008-11-20 05:15:26.202205,2009-02-24 20:06:13.265101
41,,,-22.65677,28.97043,,2008-11-20 05:15:26.233701,2009-02-24 20:06:13.280814
42,,,-22.64847,28.95727,,2008-11-20 05:15:26.267504,2009-02-24 20:06:13.30093
43,,,-22.64068,28.93548,,2008-11-20 05:15:26.297684,2009-02-24 20:06:13.31627
44,,,-22.62377,28.91273,,2008-11-20 05:15:26.397321,2009-02-24 20:06:13.335806
45,,,-22.61782,28.87285,,2008-11-20 05:15:26.447362,2009-02-24 20:06:13.351626
46,,,-22.73888,28.50675,,2008-11-20 05:15:26.4781,2009-02-24 20:06:13.367597
47,,,-22.77353,28.33178,,2008-11-20 05:15:26.531577,2009-02-24 20:06:13.383245
48,,,-23.29395,27.74145,,2008-11-20 05:15:26.564189,2009-02-24 20:06:13.39895
50,,,-23.27953,27.73245,,2008-11-20 05:15:26.629492,2009-02-24 20:06:13.419816
51,,,-23.28652,27.74022,,2008-11-20 05:15:26.664173,2009-02-24 20:06:13.435567
52,,,-23.31292,27.96557,,2008-11-20 05:15:26.698781,2009-02-24 20:06:13.455097
53,,,-23.21663,27.8963,,2008-11-20 05:15:26.733751,2009-02-24 20:06:13.470971
54,,,-23.21772,27.89918,,2008-11-20 05:15:26.80256,2009-02-24 20:06:13.488714
55,,,-26.97013,27.21005,,2008-11-20 05:15:26.840354,2009-02-24 20:06:13.509581
56,,,-26.98062,27.36768,,2008-11-20 05:15:26.873903,2009-02-24 20:06:13.533153
57,,,-26.96115,27.45748,,2008-11-20 05:15:26.908279,2009-02-24 20:06:13.550042
58,,,-26.98652,27.4507,,2008-11-20 05:15:26.938776,2009-02-24 20:06:13.565863
59,,,-26.96915,27.45663,,2008-11-20 05:15:26.972393,2009-02-24 20:06:13.581593
60,,,-26.92702,27.46578,,2008-11-20 05:15:27.001137,2009-02-24 20:06:13.597411
61,,,-26.93788,27.41827,,2008-11-20 05:15:27.032131,2009-02-24 20:06:13.617971
62,,,-26.97178,27.38705,,2008-11-20 05:15:27.068564,2009-02-24 20:06:13.633617
63,"","",-26.84695,27.64298,,2008-11-20 05:15:27.114639,2009-02-24 20:06:15.591617
64,loc,loc,65.032,-13.596,,2008-11-20 05:15:27.147956,2010-03-30 19:09:10.606132
66,loc,loc,65.033,-13.599,,2008-11-20 05:15:27.206471,2010-03-30 19:09:10.623554
67,loc,loc,65.033,-13.607,,2008-11-20 05:15:27.242055,2010-03-30 19:09:10.631785
68,loc,loc,65.154,-13.651,,2008-11-20 05:15:27.278522,2010-03-30 19:09:10.640174
69,loc,loc,65.152,-13.65,,2008-11-20 05:15:27.307958,2010-03-30 19:09:10.648532
70,loc,loc,65.155,-13.652,,2008-11-20 05:15:27.353005,2010-03-30 19:09:10.65677
71,loc,loc,65.154,-13.652,,2008-11-20 05:15:27.382533,2010-03-30 19:09:10.665161
72,loc,loc,65.158,-13.652,,2008-11-20 05:15:27.417717,2010-03-30 19:09:10.673534
73,loc,loc,65.158,-13.651,,2008-11-20 05:15:27.449104,2010-03-30 19:09:10.681742
76,loc,loc,65.024,-13.694,,2008-11-20 05:15:27.559034,2010-03-30 19:09:10.690174
77,loc,loc,65.024,-13.71,,2008-11-20 05:15:27.604872,2010-03-30 19:09:10.698531
78,loc,loc,65.024,-13.716,,2008-11-20 05:15:27.635391,2010-03-30 19:09:10.706767
79,loc,loc,65.027,-13.728,,2008-11-20 05:15:27.66967,2010-03-30 19:09:10.715168
80,loc,loc,65.025,-13.742,,2008-11-20 05:15:27.699982,2010-03-30 19:09:10.723561
81,loc,loc,65.019,-13.765,,2008-11-20 05:15:27.741736,2010-03-30 19:09:10.731834
82,loc,loc,65.141,-13.773,,2008-11-20 05:15:27.809912,2010-03-30 19:09:10.740179
83,loc,loc,65.142,-13.775,,2008-11-20 05:15:27.841678,2010-03-30 19:09:10.748543
85,loc,loc,65.138,-13.766,,2008-11-20 05:15:27.989431,2010-03-30 19:09:10.756814
86,loc,loc,65.139,-13.768,,2008-11-20 05:15:28.048617,2010-03-30 19:09:10.765167
87,loc,loc,65.13,-13.945,,2008-11-20 05:15:28.078604,2010-03-30 19:09:10.773543
89,loc,loc,65.131,-13.945,,2008-11-20 05:15:28.143429,2010-03-30 19:09:10.781785
91,loc,loc,65.133,-13.946,,2008-11-20 05:15:28.21539,2010-03-30 19:09:10.790203
92,loc,loc,65.188,-14.033,,2008-11-20 05:15:28.245657,2010-03-30 19:09:10.79851
93,loc,loc,65.18,-14.063,,2008-11-20 05:15:28.281678,2010-03-30 19:09:10.806773
94,loc,loc,65.178,-14.081,,2008-11-20 05:15:28.314432,2010-03-30 19:09:10.81521
95,loc,loc,65.178,-14.09,,2008-11-20 05:15:28.352778,2010-03-30 19:09:10.823543
96,loc,loc,65.175,-14.094,,2008-11-20 05:15:28.382946,2010-03-30 19:09:10.831886
97,loc,loc,65.174,-14.097,,2008-11-20 05:15:28.418414,2010-03-30 19:09:10.840151
98,loc,loc,65.175,-14.105,,2008-11-20 05:15:28.448925,2010-03-30 19:09:10.848524
99,loc,loc,65.173,-14.114,,2008-11-20 05:15:28.506291,2010-03-30 19:09:10.856786
100,loc,loc,65.17,-14.124,,2008-11-20 05:15:28.539021,2010-03-30 19:09:10.865203
101,loc,loc,65.163,-14.138,,2008-11-20 05:15:28.571712,2010-03-30 19:09:10.873548
102,loc,loc,65.161,-14.149,,2008-11-20 05:15:28.599913,2010-03-30 19:09:10.881779
103,loc,loc,65.156,-14.167,,2008-11-20 05:15:28.636026,2010-03-30 19:09:10.890175
104,loc,loc,65.156,-14.184,,2008-11-20 05:15:28.66588,2010-03-30 19:09:10.898534
105,loc,loc,65.159,-14.233,,2008-11-20 05:15:28.700466,2010-03-30 19:09:10.948525
106,loc,loc,65.159,-14.257,,2008-11-20 05:15:28.725462,2010-03-30 19:09:10.956775
107,loc,loc,65.173,-14.327,,2008-11-20 05:15:28.792358,2010-03-30 19:09:10.965198
108,loc,loc,64.646,-14.282,,2008-11-20 05:15:28.822601,2010-03-30 19:09:10.973557
109,loc,loc,64.658,-14.305,,2008-11-20 05:15:28.850068,2010-03-30 19:09:10.981792
110,loc,loc,64.649,-14.345,,2008-11-20 05:15:28.889922,2010-03-30 19:09:10.990177
111,loc,loc,64.603,-14.415,,2008-11-20 05:15:28.92213,2010-03-30 19:09:10.998518
113,loc,loc,64.61,-14.42,,2008-11-20 05:15:28.988008,2010-03-30 19:09:11.006828
114,loc,loc,64.655,-14.383,,2008-11-20 05:15:29.025683,2010-03-30 19:09:11.015165
115,loc,loc,64.624,-14.459,,2008-11-20 05:15:29.06332,2010-03-30 19:09:11.02351
116,loc,loc,64.654,-14.432,,2008-11-20 05:15:29.097812,2010-03-30 19:09:11.031766
117,loc,loc,64.654,-14.433,,2008-11-20 05:15:29.13152,2010-03-30 19:09:11.040216
118,loc,loc,64.629,-14.476,,2008-11-20 05:15:29.159772,2010-03-30 19:09:11.048665
119,loc,loc,64.653,-14.456,,2008-11-20 05:15:29.196238,2010-03-30 19:09:11.056928
120,loc,loc,64.635,-14.491,,2008-11-20 05:15:29.225701,2010-03-30 19:09:11.065212
121,loc,loc,64.638,-14.509,,2008-11-20 05:15:29.254567,2010-03-30 19:09:11.073661
122,loc,loc,64.663,-14.568,,2008-11-20 05:15:29.2887,2010-03-30 19:09:11.081926
123,loc,loc,64.665,-14.594,,2008-11-20 05:15:29.408019,2010-03-30 19:09:11.090216
124,loc,loc,64.681,-14.609,,2008-11-20 05:15:29.440728,2010-03-30 19:09:11.098603
125,loc,loc,64.685,-14.621,,2008-11-20 05:15:29.47751,2010-03-30 19:09:11.106927
126,loc,loc,64.688,-14.639,,2008-11-20 05:15:29.506302,2010-03-30 19:09:11.115221
127,loc,loc,64.692,-14.654,,2008-11-20 05:15:29.538256,2010-03-30 19:09:11.123608
128,loc,loc,64.694,-14.669,,2008-11-20 05:15:29.576705,2010-03-30 19:09:11.131942
129,loc,loc,64.694,-14.686,,2008-11-20 05:15:29.618041,2010-03-30 19:09:11.140217
130,loc,loc,64.606,-14.724,,2008-11-20 05:15:29.647883,2010-03-30 19:09:11.148597
131,loc,loc,64.606,-14.739,,2008-11-20 05:15:29.676588,2010-03-30 19:09:11.156948
132,loc,loc,64.609,-14.751,,2008-11-20 05:15:29.710561,2010-03-30 19:09:11.165213
133,loc,loc,64.614,-14.767,,2008-11-20 05:15:29.747489,2010-03-30 19:09:11.173608
134,loc,loc,64.618,-14.777,,2008-11-20 05:15:29.809611,2010-03-30 19:09:11.18192
135,loc,loc,64.622,-14.799,,2008-11-20 05:15:29.839671,2010-03-30 19:09:11.190213
136,loc,loc,64.623,-14.816,,2008-11-20 05:15:29.870552,2010-03-30 19:09:11.198567
137,loc,loc,64.628,-14.827,,2008-11-20 05:15:29.905399,2010-03-30 19:09:11.207021
138,loc,loc,64.621,-14.837,,2008-11-20 05:15:29.959065,2010-03-30 19:09:11.215492
139,loc,loc,64.621,-14.84,,2008-11-20 05:15:29.988492,2010-03-30 19:09:11.22371
140,loc,loc,64.624,-14.851,,2008-11-20 05:15:30.025216,2010-03-30 19:09:11.232015
141,loc,loc,64.625,-14.861,,2008-11-20 05:15:30.054798,2010-03-30 19:09:11.240391
142,loc,loc,64.626,-14.875,,2008-11-20 05:15:30.090063,2010-03-30 19:09:11.248713
143,loc,loc,64.628,-14.891,,2008-11-20 05:15:30.12211,2010-03-30 19:09:11.257016
144,loc,loc,64.63,-14.908,,2008-11-20 05:15:30.157126,2010-03-30 19:09:11.265458
145,loc,loc,64.633,-14.918,,2008-11-20 05:15:30.195176,2010-03-30 19:09:11.273757
146,loc,loc,64.641,-14.928,,2008-11-20 05:15:30.230654,2010-03-30 19:09:11.282001
147,loc,loc,65.177,-14.65,,2008-11-20 05:15:30.260392,2010-03-30 19:09:11.290472
148,loc,loc,65.135,-14.749,,2008-11-20 05:15:30.294753,2010-03-30 19:09:11.298712
149,loc,loc,65.118,-14.781,,2008-11-20 05:15:30.324239,2010-03-30 19:09:11.307
150,loc,loc,65.094,-14.821,,2008-11-20 05:15:30.35901,2010-03-30 19:09:11.315492
151,loc,loc,65.076,-14.863,,2008-11-20 05:15:30.400074,2010-03-30 19:09:11.323714
152,loc,loc,65.054,-14.958,,2008-11-20 05:15:30.434717,2010-03-30 19:09:11.332032
153,loc,loc,65.057,-14.954,,2008-11-20 05:15:30.468607,2010-03-30 19:09:11.340463
154,loc,loc,65.055,-14.959,,2008-11-20 05:15:30.498853,2010-03-30 19:09:11.348765
155,loc,loc,65.057,-14.96,,2008-11-20 05:15:30.535871,2010-03-30 19:09:11.357018
156,loc,loc,65.055,-14.968,,2008-11-20 05:15:30.565266,2010-03-30 19:09:11.365504
157,loc,loc,65.053,-14.972,,2008-11-20 05:15:30.59453,2010-03-30 19:09:11.373733
158,loc,loc,65.05,-14.993,,2008-11-20 05:15:30.644772,2010-03-30 19:09:11.382145
159,loc,loc,65.05,-15.054,,2008-11-20 05:15:30.691873,2010-03-30 19:09:11.390488
160,loc,loc,65.055,-15.018,,2008-11-20 05:15:30.721033,2010-03-30 19:09:11.398722
161,loc,loc,65.038,-15.064,,2008-11-20 05:15:30.755145,2010-03-30 19:09:11.407141
162,loc,loc,65.05,-15.033,,2008-11-20 05:15:30.937413,2010-03-30 19:09:11.41548
163,loc,loc,64.911,-15.286,,2008-11-20 05:15:30.98244,2010-03-30 19:09:11.423718
164,loc,loc,64.914,-15.287,,2008-11-20 05:15:31.046284,2010-03-30 19:09:11.432154
165,loc,loc,64.923,-15.291,,2008-11-20 05:15:31.080593,2010-03-30 19:09:11.440493
166,loc,loc,64.916,-15.289,,2008-11-20 05:15:31.144297,2010-03-30 19:09:11.448741
167,loc,loc,64.941,-15.306,,2008-11-20 05:15:31.175167,2010-03-30 19:09:11.457315
168,loc,loc,64.939,-15.291,,2008-11-20 05:15:31.204939,2010-03-30 19:09:11.465472
169,loc,loc,64.883,-15.381,,2008-11-20 05:15:31.235003,2010-03-30 19:09:11.473738
170,loc,loc,64.884,-15.388,,2008-11-20 05:15:31.27139,2010-03-30 19:09:11.482144
171,loc,loc,64.885,-15.419,,2008-11-20 05:15:31.304908,2010-03-30 19:09:11.490486
172,loc,loc,64.897,-15.371,,2008-11-20 05:15:31.338413,2010-03-30 19:09:11.498719
173,loc,loc,64.881,-15.37,,2008-11-20 05:15:31.392431,2010-03-30 19:09:11.507489
174,loc,loc,64.884,-15.399,,2008-11-20 05:15:31.42465,2010-03-30 19:09:11.515477
176,Takata-Iwakura pit,"Takata-Iwakura pit is situated to the west of Kasama city, Ibaraki, and in the north of the Tsukuba granite district.",36.379245,140.197864,0,2008-11-27 04:47:43.591141,2009-02-24 20:06:15.58136
177,Takata-Nishizawa pit,"Takata-Nishizawa pit is situated to the west of Kasama city, Ibaraki, and in the north of the Tsukuba granite district.",36.380316,140.19949,0,2008-11-27 05:23:42.27706,2009-02-24 20:06:15.570597
228,,,5.816666667,37.8725,,2009-02-18 15:06:49.533267,2009-02-24 20:06:15.635105
229,,,5.816111111,37.87611111,,2009-02-18 15:10:42.811217,2009-02-24 20:06:15.646695
230,,,5.814444444,37.84138889,,2009-02-18 15:10:50.253384,2009-02-24 20:06:15.656814
231,,,5.898611111,38.14861111,,2009-02-18 15:11:05.562743,2009-02-24 20:06:15.667075
232,,,5.874722222,38.09305556,,2009-02-18 15:11:13.482534,2009-02-24 20:06:15.683158
233,,,5.8125,37.84305556,,2009-02-18 15:11:21.343464,2009-02-24 20:06:15.699705
234,,,5.623333333,37.52222222,,2009-02-18 15:11:28.188687,2009-02-24 20:06:15.715678
235,,,5.008333333,37.76555556,,2009-02-18 15:11:34.967417,2009-02-24 20:06:15.73188
236,,,5.842222222,37.90111111,,2009-02-18 15:11:42.775238,2009-02-24 20:06:15.74806
237,,,5.632777778,37.62388889,,2009-02-18 15:11:57.361217,2009-02-24 20:06:15.763975
238,,,5.814722222,37.85777778,,2009-02-18 15:12:05.250162,2009-02-24 20:06:15.779853
239,,,4.838333333,38.48666667,,2009-02-18 15:12:19.5347,2009-02-24 20:06:15.795832
240,,,5.715555556,37.71555556,,2009-02-18 15:12:39.431324,2009-02-24 20:06:15.811589
241,,,5.019722222,37.74638889,,2009-02-18 15:12:46.548282,2009-02-24 20:06:15.860301
242,,,5.62916666666667,38.2558333333333,,2009-02-19 14:16:47.788701,2009-02-24 20:06:15.876477
243,,,4.96333333333333,37.9475,,2009-02-19 14:17:09.633002,2009-02-24 20:06:15.892761
244,,,4.95916666666667,37.9361111111111,,2009-02-19 14:17:24.450471,2009-02-24 20:06:15.909035
245,,,4.95777777777778,37.9116666666667,,2009-02-19 14:17:31.692887,2009-02-24 20:06:15.925114
246,,,4.64694444444444,37.8391666666667,,2009-02-19 14:17:42.233372,2009-02-24 20:06:15.940919
247,,,4.61166666666667,37.9166666666667,,2009-02-19 14:17:48.966325,2009-02-24 20:06:15.956819
248,,,4.73972222222222,37.9144444444444,,2009-02-19 14:17:56.834164,2009-02-24 20:06:15.972735
249,,,5.99222222222222,37.5397222222222,,2009-02-19 14:18:04.802098,2009-02-24 20:06:15.988563
250,,,5.99361111111111,37.5391666666667,,2009-02-19 14:18:11.6521,2009-02-24 20:06:16.005489
251,,,5.97138888888889,37.5913888888889,,2009-02-19 14:18:20.474508,2009-02-24 20:06:16.026097
252,,,5.96833333333333,37.6,,2009-02-19 14:18:26.9562,2009-02-24 20:06:16.042018
253,,,5.96777777777778,37.6533333333333,,2009-02-19 14:18:34.562122,2009-02-24 20:06:16.058807
254,,,5.96472222222222,37.6552777777778,,2009-02-19 14:18:41.306656,2009-02-24 20:06:16.07467
255,,,4.05444444444444,38.3244444444444,,2009-02-19 14:18:49.356227,2009-02-24 20:06:16.121346
256,,,4.0075,38.2566666666667,,2009-02-19 14:18:56.08854,2009-02-24 20:06:16.142078
257,,,4.00861111111111,38.255,,2009-02-19 14:19:03.294906,2009-02-24 20:06:16.151966
258,,,3.84916666666667,38.5247222222222,,2009-02-19 14:19:10.370737,2009-02-24 20:06:16.172452
259,,,5.62917,38.25583,,2009-02-19 16:34:45.129918,2009-02-24 20:06:16.188764
260,,,4.04389,38.32889,,2009-02-20 14:00:00.47184,2009-02-24 20:06:16.204982
261,,,4.00833,38.27861,,2009-02-20 14:00:18.94973,2009-02-24 20:06:16.220898
262,,,4.02611,38.27194,,2009-02-20 14:00:34.359907,2009-02-24 20:06:16.236891
263,,,4.03111,38.25583,,2009-02-20 14:00:43.532327,2009-02-24 20:06:16.252878
264,,,4.06667,38.32194,,2009-02-20 14:00:51.490481,2009-02-24 20:06:16.273718
265,,,4.10111,38.32583,,2009-02-20 14:01:02.453189,2009-02-24 20:06:16.290113
266,,,4.16889,38.31667,,2009-02-20 14:01:17.816085,2009-02-24 20:06:16.306058
267,,,4.74861,37.82778,,2009-02-20 14:01:24.879279,2009-02-24 20:06:16.346445
268,,,4.04278,38.33083,,2009-02-20 14:01:31.498482,2009-02-24 20:06:16.369165
269,,,4.89528,38.11389,,2009-02-20 14:01:39.459493,2009-02-24 20:06:16.386132
270,,,4.88639,38.13694,,2009-02-20 14:01:48.33129,2009-02-24 20:06:16.40244
271,,,5.815,37.8775,,2009-02-20 14:01:55.84614,2009-02-24 20:06:16.419125
272,,,5.93194,38.23028,,2009-02-20 14:02:12.171985,2009-02-24 20:06:16.435513
273,,,5.88917,38.12222,,2009-02-20 14:02:27.390758,2009-02-24 20:06:16.451834
274,,,4.95972,37.72861,,2009-02-23 14:01:11.245899,2009-02-24 20:06:16.473075
275,,,4.92972,37.67889,,2009-02-23 14:01:29.697322,2009-02-24 20:06:16.491223
276,,,4.935,37.81083,,2009-02-23 14:01:52.367276,2009-02-24 20:06:16.5151
277,,,3.2125,40.35722,,2009-02-23 14:01:58.992991,2009-02-24 20:06:16.536965
278,,,5.96611,37.54056,,2009-02-23 14:02:11.327626,2009-02-24 20:06:16.555131
279,,,5.99361,37.53917,,2009-02-23 14:02:18.860897,2009-02-24 20:06:16.573752
280,,,5.97944,37.61083,,2009-02-23 14:02:25.465499,2009-02-24 20:06:16.595175
305,GSJ09 FieldTrip Day1,"",33.87574,133.43472,856,2009-09-11 09:27:09.869933,2009-09-11 09:28:14.626558
306,GSJ FieldTrio Day2,The Gongen eclogite mass,33.87787,133.38942,1447,2009-09-11 09:31:25.97326,2009-09-11 09:31:25.97326
311,IN2,Locality of IN2,35.31838889,133.7965833,,2010-08-04 16:40:38,2010-08-05 14:25:05.971127
313,SJ2,Locality of SJ2,35.31425,133.9356,,2010-08-04 08:21:31,2010-08-05 14:25:06.076146
314,SJ4,Locality of SJ4,35.2196,133.9267,,2010-08-04 17:29:20,2010-08-05 14:25:06.171261
315,SJ7,Locality of SJ7,35.23,133.827,,2010-08-04 17:29:47,2010-08-05 14:25:06.259056
316,SJ18,Locality of SJ18,34.83708333,133.7618333,,2010-08-04 17:30:44,2010-08-05 14:25:06.34822
317,SNY2,Locality of SNY2,34.38863889,132.9908056,,2010-08-04 17:31:22,2010-08-05 14:25:06.451176
318,SNY15,Locality of SNY15,34.56725,133.3835833,,2010-08-04 17:31:57,2010-08-05 14:25:06.540109
319,SNY33,Locality of SNY33,34.674,133.8891111,,2010-08-04 17:32:23,2010-08-05 14:25:06.62607
320,RYK4,Locality of RYK4,33.93686111,132.9288889,,2010-08-04 17:33:15,2010-08-05 14:25:06.805189
321,RYK8,Locality of RYK8,33.97194444,132.81475,,2010-08-04 17:33:44,2010-08-05 14:25:06.891053
322,RYK9,Locality of RYK9,34.08213889,132.9610833,,2010-08-04 17:34:15,2010-08-05 14:25:06.982211
323,STI1,Locality of STI1.,34.17633333,133.0643333,,2010-08-04 17:34:53,2010-08-05 14:43:35.606875
324,101108-01,andesite,35.52038,133.95981,0,2010-11-09 10:29:54.343681,2010-11-09 10:29:54.343681
325,101108-02,basalt and andesite,35.51825,133.94095,0,2010-11-09 10:36:08.342885,2010-11-09 10:36:41.518707
326,101108-03,basalt and andesite,35.51818,133.93935,,2010-11-09 10:40:19.483398,2010-11-09 10:40:19.483398
327,101108-04,andesite,35.4844,133.94238,,2010-11-09 10:43:18.092347,2010-11-09 10:43:18.092347
328,101108-05,Glassy rock,35.40098,133.95746,,2010-11-09 10:55:54.718187,2010-11-09 10:55:54.718187
329,101108-06,glassy rock,35.40098,133.95746,,2010-11-09 10:57:41.478949,2010-11-09 10:57:41.478949
330,101108-07,basalt and andesite,35.40378,133.9792,,2010-11-09 10:59:25.547834,2010-11-09 10:59:25.547834
331,101108-08,basalt and andesite,35.40378,133.9792,,2010-11-09 11:00:21.508736,2010-11-09 11:00:21.508736
333,sampling point of NIn122,"",12.10203,37.270925,2525,2010-12-17 07:52:05.218817,2010-12-17 07:52:05.218817
334,sampling point of M1806,"",4.49555,37.424741,1785,2010-12-17 07:55:55.197801,2010-12-17 07:55:55.197801
335,sampling point of M1803A,"",4.43107,37.419946,,2010-12-17 07:57:02.428901,2010-12-17 07:57:02.428901
336,sampling point of M1800E,"",4.4724,37.425473,1619,2010-12-17 08:02:29.232131,2010-12-17 08:02:29.232131
337,sampling point of In51,"",12.10162,37.270916,2540,2010-12-17 08:09:49.81981,2010-12-17 08:09:49.81981
338,sampling point of In52,"",12.10126,37.270878,2531,2010-12-17 08:11:40.767698,2010-12-17 08:11:40.767698
339,sampling point of In56,"",12.10178,37.270888,2533,2010-12-17 08:18:44.342635,2010-12-17 08:18:44.342635
340,sampling point of In58,"",12.10163,37.270875,2530,2010-12-17 08:20:23.183211,2010-12-17 08:20:23.183211
341,sampling point of In59,"",12.10166,37.270879,2536,2010-12-17 08:22:45.048716,2010-12-17 08:22:45.048716
342,sampling point of In61,"",12.10205,37.270925,2523,2010-12-17 08:23:55.231797,2010-12-17 08:23:55.231797
343,sampling point of In66,"",12.102,37.270921,2520,2010-12-17 08:25:50.893512,2010-12-17 08:25:50.893512
344,sampling point of In70,"",12.10202,37.270923,2522,2010-12-17 08:29:01.574823,2010-12-17 08:29:01.574823
345,sampling point of In211,"",12.10201,37.270922,2523,2010-12-17 08:34:00.749537,2010-12-17 08:34:00.749537
346,sampling point of D191,"",9.98667,37.13836,1246,2010-12-17 08:35:31.59544,2010-12-17 08:35:31.59544
347,sampling point of D199,"",9.98703,37.188352,1245,2010-12-20 08:27:42.593199,2010-12-20 08:27:42.593199
348,sampling point of D194,"",9.98678,37.188372,1246,2010-12-20 08:34:06.817142,2010-12-20 08:34:06.817142
349,sampling point of D1914,"",9.98703,37.188315,1238,2010-12-20 10:38:38.73742,2010-12-20 10:38:38.73742
350,sampling point of D1915,"",9.98622,37.188361,1237,2010-12-20 10:39:50.314709,2010-12-20 10:39:50.314709
351,representative point of the Hayachine-Miyamori ophiolitic complex,representative point of the Hayachine-Miyamori ophiolitic complex,39.5581918181512,141.488885879517,,2011-09-13 09:25:13.258251,2011-09-13 09:25:13.258251
352,Ichinome-gata,representative,39.953306433311,139.73596572876,,2011-09-29 09:52:31.011148,2011-09-29 10:01:29.02118
353,Mt. Higashi Akaishi,representative,33.8726960079895,133.376770019531,,2011-09-29 09:59:55.947447,2011-09-29 09:59:55.947447
354,Dixon Island,no humanbeigns,-20.6308564299758,117.05623626709,,2011-10-17 09:32:23.425098,2011-10-17 09:32:23.425098
355,okadai-well#2,"",35.4132262075088,133.886089324951,,2012-01-05 09:57:38.355497,2012-01-05 09:57:38.355497
356,Oumigawa station,This is a representative location.,37.3461767303024,138.486185073853,,2012-02-16 10:17:42.357792,2012-02-16 10:18:58.03424
357,TA 18,"",-1.31444,34.408333,,2012-09-27 09:47:32.933693,2012-09-27 09:47:58.35534
359,TA 20,,-1.31333,34.41111,,2012-09-28 17:36:30.380337,2012-09-28 17:36:30.380337
360,TA 21,,-1.31139,34.41639,,2012-09-28 17:36:31.072093,2012-09-28 17:36:31.072093
361,TA 22,,-1.31444,34.40833,,2012-09-28 17:36:31.657761,2012-09-28 17:36:31.657761
362,TA 23,,-1.31111,34.41944,,2012-09-28 17:36:32.255306,2012-09-28 17:36:32.255306
363,TA 24,,-1.31306,34.405,,2012-09-28 17:36:32.826933,2012-09-28 17:36:32.826933
364,TA 25,,-1.30083,34.40528,,2012-09-28 17:36:33.424509,2012-09-28 17:36:33.424509
365,TA 26,,-1.29111,34.39083,,2012-09-28 17:36:34.121895,2012-09-28 17:36:34.121895
366,TA 27,,-1.28639,34.34972,,2012-09-28 17:36:34.705406,2012-09-28 17:36:34.705406
367,TA 28,,-1.28444,34.34333,,2012-09-28 17:36:35.293767,2012-09-28 17:36:35.293767
368,TA 40,,-1.31333,34.41528,,2012-09-28 17:36:35.872083,2012-09-28 17:36:35.872083
369,TA 41,,-1.30194,34.43222,,2012-09-28 17:36:36.455399,2012-09-28 17:36:36.455399
370,TA 44,,-1.28167,34.39444,,2012-09-28 17:36:37.160677,2012-09-28 17:36:37.160677
371,TA 96,,-1.27722,34.09694,,2012-09-28 17:36:37.814532,2012-09-28 17:36:37.814532
372,TA 59,,-1.23833,34.22361,,2012-09-28 17:36:38.444404,2012-09-28 17:36:38.444404
373,TA 61,,-1.24806,34.22361,,2012-09-28 17:36:39.046951,2012-09-28 17:36:39.046951
374,TA 42,,-1.285,34.39944,,2012-09-28 17:36:39.677276,2012-09-28 17:36:39.677276
375,TA 43,,-1.28167,34.39806,,2012-09-28 17:36:40.25226,2012-09-28 17:36:40.25226
376,TA 45,,-1.27944,34.39806,,2012-09-28 17:36:41.093741,2012-09-28 17:36:41.093741
377,TA 46,,-1.22778,34.3725,,2012-09-28 17:36:41.645399,2012-09-28 17:36:41.645399
378,TA 79,,-1.34861,34.12472,,2012-09-28 17:36:42.171906,2012-09-28 17:36:42.171906
379,TA 89,,-1.28444,34.11333,,2012-09-28 17:36:42.755667,2012-09-28 17:36:42.755667
380,TA 47,,-1.22667,34.35833,,2012-09-28 17:36:43.321753,2012-09-28 17:36:43.321753
381,TA 49,,-1.21806,34.3325,,2012-09-28 17:36:44.152879,2012-09-28 17:36:44.152879
382,TA 32,,-1.27361,34.27361,,2012-09-28 17:36:44.713826,2012-09-28 17:36:44.713826
383,TA 33,,-1.29917,34.27306,,2012-09-28 17:36:45.280733,2012-09-28 17:36:45.280733
384,TA 34-35,,-1.3,34.27,,2012-09-28 17:36:48.030761,2012-09-28 17:36:48.030761
385,TA 36,,-1.29972,34.25056,,2012-09-28 17:36:48.532905,2012-09-28 17:36:48.532905
386,TA 37,,-1.29972,34.22361,,2012-09-28 17:36:49.35239,2012-09-28 17:36:49.35239
387,TA 62,,-1.38417,34.23694,,2012-09-28 17:36:49.901307,2012-09-28 17:36:49.901307
388,TA 63,,-1.39417,34.22333,,2012-09-28 17:36:50.458207,2012-09-28 17:36:50.458207
389,TA 65-67,,-1.40083,34.22361,,2012-09-28 17:36:51.022317,2012-09-28 17:36:51.022317
390,TA 68-69,,-1.36111,34.25833,,2012-09-28 17:36:51.605674,2012-09-28 17:36:51.605674
391,TA 72,,-1.35333,34.24611,,2012-09-28 17:36:52.337245,2012-09-28 17:36:52.337245
392,TA 73,,-1.33889,34.19222,,2012-09-28 17:36:53.111874,2012-09-28 17:36:53.111874
393,TA 74,,-1.35222,34.18444,,2012-09-28 17:36:53.669024,2012-09-28 17:36:53.669024
394,TA 75,,-1.36917,34.16083,,2012-09-28 17:36:54.242731,2012-09-28 17:36:54.242731
395,TA 76,,-1.3625,34.14944,,2012-09-28 17:36:54.806802,2012-09-28 17:36:54.806802
396,TA 81,,-1.34361,34.11722,,2012-09-28 17:36:55.552376,2012-09-28 17:36:55.552376
397,TA 99-100,,-1.35778,34.30167,,2012-09-28 17:36:56.25824,2012-09-28 17:36:56.25824
398,TA 101-102,,-1.35722,34.30806,,2012-09-28 17:36:56.844623,2012-09-28 17:36:56.844623
399,TA 104,,-1.33806,34.31833,,2012-09-28 17:36:57.422188,2012-09-28 17:36:57.422188
400,TA 105,,-1.33944,34.31778,,2012-09-28 17:36:57.975779,2012-09-28 17:36:57.975779
401,TA 107,,-1.33778,34.30778,,2012-09-28 17:36:58.604165,2012-09-28 17:36:58.604165
402,TA 108,"",-1.33389,34.30778,,2012-09-28 17:36:59.322678,2013-02-07 13:39:09.541034
403,TA 109,,-1.335,34.2975,,2012-09-28 17:36:59.846207,2012-09-28 17:36:59.846207
405,12062801,"",35.16209444,132.6159833,409,2013-02-19 08:31:36.303103,2013-02-19 08:31:36.303103
406,12062802,"",35.12076944,132.6278222,403,2013-02-19 08:37:56.556723,2013-02-19 08:37:56.556723
407,12062803,"",35.12523611,132.6512306,512,2013-02-19 08:38:27.603627,2013-02-19 08:38:58.870369
408,12062804,"",35.13700833,132.6283111,929,2013-02-19 08:39:38.938225,2013-02-19 08:39:38.938225
409,12062805,"",35.13601389,132.62915,914,2013-02-19 08:40:19.908534,2013-02-19 08:40:19.908534
410,12062806,"",35.13509722,132.6312417,916,2013-02-19 08:41:02.863584,2013-02-19 08:41:02.863584
411,12071201,"",35.03675556,132.5596,181,2013-02-20 08:46:45.746376,2013-02-20 08:46:45.746376
412,12071202,"",35.036796,132.559565,176,2013-02-20 08:47:31.407135,2013-02-20 08:47:31.407135
413,12071203,"",35.03648056,132.5568639,41,2013-02-20 08:48:04.792414,2013-02-20 08:48:04.792414
414,12071204,"",35.15281944,132.6043389,359,2013-02-20 08:48:56.137743,2013-02-20 08:48:56.137743
415,12071205,"",35.14562222,132.6222833,795,2013-02-20 08:49:28.453722,2013-02-20 08:49:28.453722
416,12071301,"",35.12919,132.6277,702,2013-02-20 08:50:07.056199,2013-02-20 08:50:07.056199
417,12071302,"",35.12691,132.62541,806,2013-02-20 08:50:38.671296,2013-02-20 08:50:38.671296
418,12071303,"",35.12447,132.62117,834,2013-02-20 08:51:23.160435,2013-02-20 08:51:23.160435
419,12071304,"",35.1292,132.62021,851,2013-02-20 08:51:55.25474,2013-02-20 08:51:55.25474
420,12071305,"",35.1291,132.6196,880,2013-02-20 08:52:27.523269,2013-02-20 08:52:27.523269
421,12071306,"",35.13149,132.61841,885,2013-02-20 08:53:01.931274,2013-02-20 08:53:01.931274
422,12071307,"",35.13482,132.62024,880,2013-02-20 08:54:15.614758,2013-02-20 08:54:15.614758
423,12071308,"",35.13511,132.61999,904,2013-02-20 08:55:02.062937,2013-02-20 08:55:02.062937
424,12071309,"",35.1364,132.62004,1028,2013-02-20 08:55:37.313226,2013-02-20 08:55:37.313226
425,12071310,"",35.13908,132.62384,1066,2013-02-20 08:56:14.395931,2013-02-20 08:56:14.395931
426,12071311,"",35.152321,132.633548,576,2013-02-20 08:56:47.535351,2013-02-20 08:56:47.535351
427,12071312,"",35.154475,132.626126,588.715393,2013-02-20 08:57:27.076241,2013-02-20 08:57:27.076241
428,12071313,"",35.113668,132.630798,379.04599,2013-02-20 08:58:00.39709,2013-02-20 08:58:00.39709
429,Karema,11/18/2012,-6.71280498616397,30.57953197,999.190002,2013-02-28 17:25:17.864318,2013-02-28 17:25:17.864318
430,Karema,11/18/2012,-6.714090016,30.57402397,971.286316,2013-02-28 17:28:47.663273,2013-02-28 17:30:11.63169
431,Karema,11/18/2012,-6.787500987,30.49790598,903.483398,2013-02-28 17:31:02.994166,2013-02-28 17:31:02.994166
432,Karema,11/18/2012,-6.787500987,30.49803799,901.630493,2013-02-28 17:32:45.513572,2013-02-28 17:32:45.513572
433,Karema,11/18/2012,-6.789225983,30.49787798,884.218445,2013-02-28 17:33:59.191378,2013-02-28 17:33:59.191378
434,Karema,11/18/2012,-6.791694034,30.49599398,867.2146,2013-02-28 17:34:46.486773,2013-02-28 17:34:46.486773
435,Karema,"",-6.791645,30.49727096,889.702209,2013-02-28 17:35:57.549945,2013-02-28 17:35:57.549945
436,Karema,11/19/2012,-6.798503995,30.542981,979.41571,2013-02-28 17:36:44.892278,2013-02-28 17:36:44.892278
437,Karema,11/19/2012,-6.801946023,30.54673702,971.305359,2013-02-28 17:38:12.251257,2013-02-28 17:38:12.251257
438,Karema,11/19/2012,-6.757841036,30.414068,825.061646,2013-02-28 17:39:31.072164,2013-02-28 17:39:31.072164
439,Karema,11/19/2012,-6.757571977,30.41429297,835.134155,2013-02-28 17:40:16.759915,2013-02-28 17:40:16.759915
440,Karema,11/20/2012,-6.792158978,30.495768,860.644897,2013-02-28 17:41:03.823837,2013-02-28 17:41:03.823837
441,Karema,11/20/2012,-6.793664033,30.49562803,858.945557,2013-02-28 17:41:55.883172,2013-02-28 17:41:55.883172
442,Karema,11/20/2012,-6.794025963,30.49553398,858.924316,2013-02-28 17:42:49.248494,2013-02-28 17:42:49.248494
443,Karema,11/20/2012,-6.795133967,30.49530499,861.03125,2013-02-28 17:43:36.132092,2013-02-28 17:43:36.132092
444,Karema,11/20/2012,-6.795533029,30.49521002,859.134644,2013-02-28 17:44:52.166091,2013-02-28 17:44:52.166091
445,Karema,11/20/2012,-6.796774976,30.495078,852.151611,2013-02-28 17:45:41.159443,2013-02-28 17:45:41.159443
446,Karema,11/20/2012,-6.796384966,30.49487701,854.911194,2013-02-28 17:46:38.392882,2013-02-28 17:46:38.392882
447,Karema,11/20/2012,-6.793601001,30.50104097,891.765625,2013-02-28 17:47:18.539233,2013-02-28 17:47:18.539233
448,Karema,11/20/2012,-6.794672962,30.50262096,903.368225,2013-02-28 17:47:58.602256,2013-02-28 17:47:58.602256
449,Karema,11/20/2012,-6.794801038,30.50370097,894.028809,2013-02-28 17:48:39.266891,2013-02-28 17:48:39.266891
450,Karema,11/20/2012,-6.796571966,30.50625804,909.050598,2013-02-28 17:49:29.0348,2013-02-28 17:49:29.0348
451,Karema,11/20/2012,-6.792807989,30.502095,892.427551,2013-02-28 17:50:07.657886,2013-02-28 17:50:07.657886
452,Karema,11/20/2012,-6.791309975,30.49567203,870.451477,2013-02-28 17:50:54.668411,2013-02-28 17:50:54.668411
453,Karema,11/21/2012,-6.811510026,30.49851903,818.850708,2013-02-28 17:51:33.750224,2013-02-28 17:51:33.750224
454,Karema,11/21/2012,-6.764860041,30.46273903,857.645813,2013-02-28 17:52:12.646385,2013-02-28 17:52:12.646385
455,Karema,11/21/2012,-6.764293006,30.45308601,865.75293,2013-02-28 17:52:50.328874,2013-02-28 17:52:50.328874
456,Karema,11/21/2012,-6.763056004,30.45042501,898.879761,2013-02-28 17:54:21.21344,2013-02-28 17:54:21.21344
457,Karema,11/21/2012,-6.762142042,30.44975596,897.264526,2013-02-28 17:55:05.628657,2013-02-28 17:55:05.628657
460,MKM-1,"",35.494,134.102,,2013-05-01 14:57:38.212699,2013-06-19 11:24:13.941712
461,13050801,,35.0546194444,132.4477083333,221,2013-05-20 09:22:25.965967,2013-05-21 08:48:50.069517
462,13050809,,35.0603472222,132.4518777778,286,2013-05-20 09:22:27.676062,2013-05-21 08:48:50.103823
463,13050802,,35.0702527778,132.4266194444,415,2013-05-20 09:22:28.280757,2013-05-21 08:48:50.133263
464,13050803,,35.0895055556,132.4347527778,300,2013-05-20 09:22:28.941839,2013-05-21 08:48:50.160974
465,13050804,,35.0890166667,132.4358833333,257,2013-05-20 09:22:29.541317,2013-05-21 08:48:50.191724
466,13050805,,35.0523222222,132.4133138889,379,2013-05-20 09:22:30.141416,2013-05-21 08:48:50.220095
467,13050806,,35.0601,132.4110111111,359,2013-05-20 09:22:30.874722,2013-05-21 08:48:50.26069
468,13050807,,35.0818138889,132.3985138889,146,2013-05-20 09:22:31.474631,2013-05-21 08:48:50.295752
469,13050808,,35.0822833333,132.3766166667,129,2013-05-20 09:22:32.050289,2013-05-21 08:48:50.345454
470,13050901,,35.1015138889,132.3965305556,240,2013-05-20 09:30:31.70437,2013-05-21 08:48:50.388581
471,13050902,,35.1153111111,132.4092111111,254,2013-05-20 09:30:32.374237,2013-05-21 08:48:50.420461
472,13050903,,35.1022194444,132.4127805556,164,2013-05-20 09:30:32.900744,2013-05-21 08:48:50.464096
473,13050904,,35.1071694444,132.4243194444,105,2013-05-20 09:30:33.503784,2013-05-21 08:48:50.505492
474,13050905,,35.1070333333,132.424775,111,2013-05-20 09:30:34.209188,2013-05-21 08:48:50.536712
475,13050906,,35.4178305556,133.1843111111,114,2013-05-20 09:30:34.725737,2013-05-21 08:48:50.578473
476,13050907,,35.41748889,133.1850444,133,2013-05-20 09:35:40.086616,2013-05-21 08:48:50.614257
477,13050908,,35.46718889,133.1081389,20,2013-05-20 09:35:40.748675,2013-05-21 08:48:50.646067
478,13050909,,35.485,133.1207278,32,2013-05-20 09:35:41.420811,2013-05-21 08:48:50.687826
479,13050910,,35.49235278,133.1156306,110,2013-05-20 09:35:41.965565,2013-05-21 08:48:50.720554
480,13050911,,35.49631111,133.1678,26,2013-05-20 09:35:42.52388,2013-05-21 08:48:50.753931
481,13050912,,35.48638889,133.1826778,4,2013-05-20 09:35:43.223723,2013-05-21 08:48:50.799914
482,13050913,,35.51133333,133.1890417,4,2013-05-20 09:35:43.765541,2013-05-21 08:48:50.830571
483,13050914,,35.43877778,133.8208306,23,2013-05-20 09:35:44.415717,2013-05-21 08:48:50.868506
484,13050915,,35.43891944,133.8217778,45,2013-05-20 09:35:45.407349,2013-05-21 08:48:50.905176
485,13050916,,35.44223889,133.8380278,24,2013-05-20 09:35:45.998777,2013-05-21 08:48:50.938891
486,13050917,,35.44224444,133.8379056,23,2013-05-20 09:35:46.707426,2013-05-21 08:48:50.972025
487,KUR-1,"",35.465,133.83,,2013-05-21 09:07:17.201738,2013-06-19 11:24:13.908574
488,MY-1,"",35.1001,133.9362,,2013-05-22 09:38:17.622119,2013-05-22 09:38:17.622119
489,MY-2,,35.1001,133.9362,,2013-05-22 09:39:00.619946,2013-05-22 09:39:00.619946
490,MY-3,,35.1001,133.9362,,2013-05-22 09:40:44.007699,2013-05-22 09:40:44.007699
491,TG-1,,35.4775,133.9098,,2013-05-22 09:41:26.176667,2013-05-22 09:41:26.176667
492,US-1,"",35.451935,133.885569,,2013-05-22 09:41:55.176411,2013-05-22 10:08:54.367846
493,12062301,,35.43916667,133.8197639,0,2013-06-10 08:49:52.610383,2013-06-19 11:24:13.875334
494,12062302,,35.44218889,133.8379056,0,2013-06-10 08:49:53.363112,2013-06-19 11:24:13.84189
495,12062303,,35.52286667,133.96495,0,2013-06-10 08:49:54.012936,2013-06-19 11:24:13.80859
496,12062304,,35.53717778,134.0066972,0,2013-06-10 08:49:54.642118,2013-06-19 11:24:13.775101
497,12062305,,35.53729722,134.0081944,0,2013-06-10 08:49:56.079893,2013-06-19 11:24:13.741861
498,12062306,"",35.5059,133.88105,2,2013-06-10 08:55:25.878651,2013-06-19 11:24:13.495494
499,KUR-2,"",35.459,133.814,,2013-08-23 18:18:46.727565,2013-08-23 18:18:46.727565
500,HY-1,"",35.361,134.497,,2013-08-23 18:22:59.223452,2013-08-23 18:30:23.89585
501,HY-2,"",35.36,134.496,,2013-08-23 18:31:14.347665,2013-08-23 18:33:09.708507
502,KUR-3,,35.44,133.817,,2013-09-17 08:26:37.537843,2013-09-17 08:26:37.537843
507,yakuno,,35.337884,134.925456,,2013-10-24 18:39:47.064316,2013-10-24 18:39:47.064316
508,OY-1,,35.1035,133.9362,,2013-10-26 10:45:12.265376,2013-10-26 10:45:12.265376
509,3042004,,35.3425,133.4283,0,2013-11-12 14:04:38.756206,2013-11-12 14:04:38.756206
510,3042005,,35.3425,133.4283,0,2013-11-12 14:04:39.332274,2013-11-12 14:04:39.332274
511,3042006,,35.3417,133.4281,0,2013-11-12 14:04:40.016105,2013-11-12 14:04:40.016105
512,3042007,,35.3417,133.4281,0,2013-11-12 14:04:40.543882,2013-11-12 14:04:40.543882
513,3052810,,35.3444,133.4283,0,2013-11-12 14:04:41.107937,2013-11-12 14:04:41.107937
514,3052812,,35.3444,133.4283,0,2013-11-12 14:04:41.741414,2013-11-12 14:04:41.741414
515,3052804,,35.4247,133.4611,0,2013-11-12 14:04:42.283051,2013-11-12 14:04:42.283051
516,3052805,,35.4247,133.4611,0,2013-11-12 14:04:42.827373,2013-11-12 14:04:42.827373
517,3053002,,35.3275,133.5656,0,2013-11-12 14:04:43.510807,2013-11-12 14:04:43.510807
518,3053003,,35.3275,133.5656,0,2013-11-12 14:04:44.060791,2013-11-12 14:04:44.060791
519,3060102,,35.355,133.5067,0,2013-11-12 14:04:44.73342,2013-11-12 14:04:44.73342
520,3060103,,35.355,133.5067,0,2013-11-12 14:04:45.27734,2013-11-12 14:04:45.27734
521,3060604,,35.4028,133.5889,0,2013-11-12 14:04:45.810558,2013-11-12 14:04:45.810558
522,2051801,,35.3539,133.5864,0,2013-11-12 14:04:46.594093,2013-11-12 14:04:46.594093
523,3052002,,35.355,133.555,0,2013-11-12 14:04:47.258367,2013-11-12 14:04:47.258367
524,3052004,,35.3536,133.555,0,2013-11-12 14:04:47.777623,2013-11-12 14:04:47.777623
525,3052802,,35.3472,133.5806,0,2013-11-12 14:04:48.327606,2013-11-12 14:04:48.327606
526,3052803,,35.3478,133.5803,0,2013-11-12 14:04:48.877589,2013-11-12 14:04:48.877589
527,SAN2,,35.3772,133.5722,0,2013-11-12 14:04:49.605822,2013-11-12 14:04:49.605822
528,SAN3,,35.3772,133.5481,0,2013-11-12 14:04:50.267172,2013-11-12 14:04:50.267172
529,2060707,,35.3636,133.5383,0,2013-11-12 14:04:50.794448,2013-11-12 14:04:50.794448
530,2060710,,35.3636,133.5383,0,2013-11-12 14:04:51.336169,2013-11-12 14:04:51.336169
531,2060711,,35.3636,133.5383,0,2013-11-12 14:04:51.877782,2013-11-12 14:04:51.877782
532,2060713,,35.3636,133.5383,0,2013-11-12 14:04:52.419344,2013-11-12 14:04:52.419344
533,2080501,,35.3564,133.5389,0,2013-11-12 14:04:53.169401,2013-11-12 14:04:53.169401
534,2072901,,35.3417,133.795,0,2013-11-12 14:04:53.694263,2013-11-12 14:04:53.694263
535,KUR-4,,35.4808,133.8559,,2013-11-16 14:12:50.614428,2013-11-16 14:12:50.614428
536,KUR-5,,35.4614,133.8614,,2013-11-16 14:14:44.680029,2013-11-16 14:14:44.680029
537,MIS-1,,35.405475,133.890258333333,,2013-11-18 09:34:36.844427,2013-11-18 09:34:36.844427
538,ID2512,,65.04694444,-16.70666667,0,2013-11-20 09:01:29.128052,2013-11-20 09:01:29.128052
539,ID2513,,65.045,-16.72,0,2013-11-20 09:01:29.767536,2013-11-20 09:01:29.767536
540,IA1933,,65.03138889,-16.79638889,0,2013-11-20 09:01:30.551233,2013-11-20 09:01:30.551233
541,IB1913,,65.03027778,-16.79694444,0,2013-11-20 09:01:31.166301,2013-11-20 09:01:31.166301
542,IA1709,,65.02972222,-16.79527778,0,2013-11-20 09:01:31.710532,2013-11-20 09:01:31.710532
543,IA1803,,65.02583333,-16.79527778,0,2013-11-20 09:01:32.266243,2013-11-20 09:01:32.266243
544,ID2405,,65.01666667,-16.69583333,0,2013-11-20 09:01:32.974628,2013-11-20 09:01:32.974628
545,ID2411,,65.02361111,-16.69638889,0,2013-11-20 09:01:33.727295,2013-11-20 09:01:33.727295
546,IC2708,,65.00166667,-16.75722222,0,2013-11-20 09:01:34.277212,2013-11-20 09:01:34.277212
547,IA1832,,65.06888889,-16.73027778,0,2013-11-20 09:01:34.790279,2013-11-20 09:01:34.790279
548,IA1841,,65.05555556,-16.56444444,0,2013-11-20 09:01:35.290282,2013-11-20 09:01:35.290282
549,KUR-6,,35.4532,133.8659,,2013-12-02 09:58:25.271312,2013-12-02 09:58:25.271312
550,MIS-4,,35.3872,133.8985,0,2013-12-04 08:56:03.709141,2013-12-04 08:56:03.709141
551,MIS-2,,35.4267,133.9272,0,2013-12-04 08:56:04.422154,2013-12-04 08:56:04.422154
552,MIS-3,,35.4232,133.9319,0,2013-12-04 08:56:04.973912,2013-12-04 08:56:04.973912
553,KUR-13,,35.4606,133.8831,0,2013-12-04 08:56:05.682754,2013-12-04 08:56:05.682754
554,KUR-12,,35.506,133.881,0,2013-12-04 08:56:06.256658,2013-12-04 08:56:06.256658
555,KUR-11,,35.4698,133.8024,0,2013-12-04 08:56:06.848942,2013-12-04 08:56:06.848942
556,KUR-10,,35.4691,133.8031,0,2013-12-04 08:56:07.415579,2013-12-04 08:56:07.415579
557,KUR-9,,35.4848,133.8273,0,2013-12-04 08:56:08.123744,2013-12-04 08:56:08.123744
558,KUR-8,,35.4895,133.8238,0,2013-12-04 08:56:08.648642,2013-12-04 08:56:08.648642
559,KUR-7,,35.4897,133.8044,0,2013-12-04 08:56:09.221706,2013-12-04 08:56:09.221706
560,KUR-14,,35.4698,133.8512,0,2013-12-16 14:31:56.96145,2013-12-16 14:31:56.96145
561,MIS-5,,35.4051,133.9176,0,2013-12-16 14:33:02.46692,2013-12-16 14:33:02.46692
562,YRML10-1,,64.87382,-22.35028,0,2013-12-20 08:37:37.707604,2013-12-20 08:37:37.707604
563,KUR-15,,35.453,133.8666,0,2014-01-06 09:11:34.979989,2014-01-06 09:11:34.979989
