id,attachment_file_id,name,description,spot_x,spot_y,target_uid,radius_in_percent,stroke_color,stroke_width,fill_color,fill_opacity,with_cross,created_at,updated_at
1,10965,DR1,,63.6,58.6,test,,,,,,,2011-04-26 18:39:02.468756,2011-04-26 18:39:09.475556
2,31684,1,,84,40,20110422231456-856-648,,,,,,,2011-04-26 18:39:02.489394,2011-04-26 18:39:09.498335
3,31684,2,,71.5,52.2,20110422231807-606-376,,,,,,,2011-04-26 18:39:02.497693,2011-04-26 18:39:09.506545
4,31684,3,,56.9,61.1,20110422233347-346-039,,,,,,,2011-04-26 18:39:02.505986,2011-04-26 18:39:09.514968
5,31684,4,,48.3,82.5,20110422233359-931-805,,,,,,,2011-04-26 18:39:02.514433,2011-04-26 18:39:09.523277
6,31684,5,,59.8,42,20110422233423-965-932,,,,,,,2011-04-26 18:39:02.522734,2011-04-26 18:39:09.531551
8,31684,6,,58.3,26,20110422233437-928-238,,,,,,,2011-04-26 18:39:02.531033,2011-04-26 18:39:09.539971
9,31684,7,,38.3,23.2,20110426004638-300-576,,,,,,,2011-04-26 18:39:02.539424,2011-04-26 18:39:09.67332
10,31684,8,,21,10,20110426004739-555-893,,,,,,,2011-04-26 18:39:02.547741,2011-04-26 18:39:09.689947
11,31684,9,,9.8,46.7,20110426004847-281-452,,,,,,,2011-04-26 18:39:02.556033,2011-04-26 18:39:09.723296
12,31684,10,,39,48.5,20110426004947-112-138,,,,,,,2011-04-26 18:39:02.564397,2011-04-26 18:39:09.756553
13,32274,ol-sc-1,,43.8,29.5,20110425151938-991-948,7,blue,5,blue,0,f,2011-04-26 18:50:52.336452,2011-04-26 19:04:25.606769
14,32274,ref-ol-AY2,,62.7,29.9,20110425093522-739-463,7,red,5,red,0,f,2011-04-26 19:02:00.484769,2011-04-26 19:04:07.245311
15,32271,ol-sc-1,,66,15,20110425151658-166-646,7,blue,5,blue,0,f,2011-04-27 11:04:18.097103,2011-04-27 11:05:45.471449
16,32271,ref-ol-AY1,,64,32.3,20110422093648-407-714,7,red,5,blue,0,f,2011-04-27 11:06:25.639192,2011-04-27 11:06:50.75506
17,32292,#1,,52.4,23.4,20110427120728-423-964,0.5,blue,1,blue,0,f,2011-04-27 12:01:27.473206,2011-04-27 12:08:05.516225
18,32292,#2,,52.3,24.5,20110427121028-491-319,0.5,blue,1,blue,0,f,2011-04-27 12:02:31.261245,2011-04-27 12:11:38.926233
19,32292,#3,,52.3,25.5,20110427121510-490-329,0.5,blue,1,blue,0,f,2011-04-27 12:03:52.775,2011-04-27 12:15:50.530822
20,32292,#4,,52.3,26.6,20110427121717-886-211,0.5,blue,1,blue,0,f,2011-04-27 12:04:03.678483,2011-04-27 12:18:00.966824
21,32292,#5,,52.2,27.7,20110427121812-090-741,0.5,blue,1,blue,0,f,2011-04-27 12:04:13.802423,2011-04-27 12:18:58.187565
22,32295,#1,,44,22.1,20110427163253-116-988,0.5,blue,1,blue,0,f,2011-04-27 12:32:27.320467,2011-04-27 16:34:22.79163
23,32295,#5,,42.8,34.9,20110427163331-117-795,0.5,blue,1,blue,0,f,2011-04-27 12:32:47.697293,2011-04-27 16:35:58.329781
24,32295,#2,,43.5,24.9,20110427163303-697-953,0.5,blue,1,blue,0,f,2011-04-27 12:33:00.08026,2011-04-27 16:35:00.182789
25,32295,#3,,43,28,20110427163310-132-779,0.5,blue,1,blue,0,f,2011-04-27 12:33:08.544349,2011-04-27 16:35:18.606068
26,32295,#4,,42.7,31.3,20110427163323-726-277,0.5,blue,1,blue,0,f,2011-04-27 12:33:15.685758,2011-04-27 16:35:39.527827
27,32313,34. Olivine,,30.6,22.3,20110427122445-678-659,5,blue,1,blue,0,f,2011-04-27 14:25:59.021501,2011-04-27 14:26:53.654812
28,32313,35. Plagioclase An65,,22.7,32,20110427114910-848-579,5,blue,1,blue,0,f,2011-04-27 14:27:45.825602,2011-04-27 14:28:37.419806
29,31930,ref-ol-sc1,,55.3,23.7,20110406161521-664-476,5,blue,1,blue,0,f,2011-04-27 16:15:15.681312,2011-04-27 16:16:56.680757
30,31930,ref-ol-fukang1,,43,32.7,20110406161530-622-310,5,blue,1,blue,0,f,2011-04-27 16:16:05.814246,2011-04-27 16:16:38.706937
31,31936,1,,30.7,23.7,20110427165151-930-709,0.5,blue,1,blue,0,f,2011-04-27 16:19:47.416743,2011-04-27 17:03:22.316107
32,31936,2,,39.8,30.8,20110427165201-588-494,0.5,blue,1,blue,0,f,2011-04-27 16:20:58.40907,2011-04-27 17:03:58.920294
33,31936,3,,42.8,38.4,20110427165211-005-934,0.5,blue,1,blue,0,f,2011-04-27 16:21:24.946475,2011-04-27 17:04:32.770156
34,31936,4,,48.7,44.8,20110427165222-504-618,0.5,blue,1,blue,0,f,2011-04-27 16:21:57.143393,2011-04-27 17:05:00.615373
35,31936,5,,58.3,53.3,20110427165530-503-765,0.5,blue,1,blue,0,f,2011-04-27 16:22:20.411968,2011-04-27 17:05:32.1435
36,31936,6,,31.3,47.7,20110427170021-407-308,0.5,blue,1,blue,0,f,2011-04-27 16:22:44.259776,2011-04-27 17:06:31.316922
37,31936,7,,36.3,39.3,20110427170030-507-452,0.5,blue,1,blue,0,f,2011-04-27 16:23:20.570572,2011-04-27 17:07:00.853307
38,31936,8,,47.7,39,20110427170039-798-927,0.5,blue,1,blue,0,f,2011-04-27 16:23:54.371407,2011-04-27 17:07:27.57092
39,31936,9,,52,33.1,20110427170047-848-180,0.5,blue,1,blue,0,f,2011-04-27 16:24:18.47705,2011-04-27 17:07:54.637949
40,31936,10,,58.7,29,20110427170055-236-683,0.5,blue,1,blue,0,f,2011-04-27 16:24:40.695999,2011-04-27 17:08:25.179076
41,32235,1,,21.3,17.3,20110427163647-652-024,0.5,blue,1,blue,0,f,2011-04-27 16:40:14.187792,2011-04-27 16:42:51.437942
42,32235,2,,47.5,17,20110427163656-766-545,0.5,green,1,blue,0,f,2011-04-27 16:40:53.851979,2011-04-28 13:12:21.141675
43,32235,3,,71,20.7,20110427163707-202-616,0.5,blue,1,blue,0,f,2011-04-27 16:41:01.896845,2011-04-27 16:43:59.587331
44,32235,4,,32.1,24.8,20110427163715-807-640,0.5,red,1,blue,0,f,2011-04-27 16:41:17.578064,2011-04-28 13:11:51.821967
45,32235,5,,58.7,27.3,20110427163725-207-792,0.5,blue,1,blue,0,f,2011-04-27 16:41:27.23166,2011-04-27 16:44:51.664237
46,32235,6,,23,35.2,20110427163735-886-206,0.5,blue,1,blue,0,f,2011-04-27 16:41:38.390538,2011-04-27 16:45:16.845702
47,32235,7,,45.2,37.9,20110427163744-882-678,0.5,blue,1,blue,0,f,2011-04-27 16:41:48.425393,2011-04-27 16:45:50.449749
48,32235,8,,65.7,37.4,20110427163754-666-022,0.5,blue,1,blue,0,f,2011-04-27 16:41:58.245163,2011-04-27 16:46:21.479134
49,32235,9,,46.1,27.1,20110427163803-100-973,0.5,blue,1,blue,0,f,2011-04-27 16:42:27.090224,2011-04-27 16:46:55.370333
50,31933,1,,32.5,33,20110427232102-203-480,0.5,blue,1,blue,0,f,2011-04-27 16:56:26.621228,2011-04-27 23:25:17.059661
51,31933,2,,38.8,34.9,20110427232114-871-089,0.5,blue,1,blue,0,f,2011-04-27 16:56:41.867698,2011-04-27 23:25:31.187717
52,31933,3,,44.3,36.8,20110427232122-867-080,0.5,blue,1,blue,0,f,2011-04-27 16:56:57.545264,2011-04-27 23:25:45.769715
53,31933,4,,50.8,38.7,20110427232131-205-238,0.5,blue,1,blue,0,f,2011-04-27 16:57:15.410121,2011-04-27 23:26:00.083668
54,31933,5,,55.7,42.6,20110427232139-974-786,0.5,blue,1,blue,0,f,2011-04-27 16:57:29.378618,2011-04-27 23:26:12.319754
55,31933,6,,61.6,46.5,20110427232148-942-812,0.5,blue,1,blue,0,f,2011-04-27 16:57:44.00953,2011-04-27 23:26:23.042454
56,31933,7,,52.1,26.8,20110427232156-303-435,0.5,blue,1,blue,0,f,2011-04-27 16:58:01.862631,2011-04-27 23:26:43.900933
57,31933,8,,49.1,33.2,20110427232213-010-590,0.5,blue,1,blue,0,f,2011-04-27 16:58:16.649512,2011-04-27 23:26:58.27904
58,31933,9,,41.3,44.7,20110427232221-881-187,0.5,blue,1,blue,0,f,2011-04-27 16:59:09.456784,2011-04-27 23:27:13.472703
59,31933,10,,40.7,52.8,20110427232230-123-521,0.5,blue,1,blue,0,f,2011-04-27 16:59:28.510615,2011-04-27 23:27:35.013708
60,31897,ol-sc1,,62,45,20110406120109-760-330,10,blue,1,blue,0,f,2011-04-27 17:26:02.71334,2011-04-27 17:27:46.377715
61,31897,ol-fukang1,,74,28.7,20110406120125-907-431,8,blue,1,blue,0,f,2011-04-27 17:26:18.255315,2011-04-27 17:28:36.698108
62,31897,ol-1,,31,42.8,20110406120213-673-521,0.5,blue,1,blue,0,,2011-04-27 17:31:13.571489,2011-04-27 17:31:13.571489
63,31897,ol-2,,19.8,30.4,20110406120228-306-623,0.5,blue,1,blue,0,,2011-04-27 17:32:22.126062,2011-04-27 17:32:22.126062
64,31900,1,,25.8,35.4,20110427181840-935-932,0.5,blue,1,blue,0,f,2011-04-27 17:36:02.24678,2011-04-27 18:20:53.382079
65,31900,2,,30.7,36,20110427181849-499-238,0.5,blue,1,blue,0,f,2011-04-27 17:36:40.135951,2011-04-27 18:21:15.109534
66,31900,3,,50.3,38.3,20110427181858-516-886,0.5,blue,1,blue,0,f,2011-04-27 17:37:33.562273,2011-04-27 18:21:40.91105
67,31900,4,,57.5,38.8,20110427181907-740-693,0.5,blue,1,blue,0,f,2011-04-27 17:38:07.04134,2011-04-27 18:22:04.970734
68,31900,5,,70.6,36.8,20110427181916-905-186,0.5,blue,1,blue,0,f,2011-04-27 17:38:32.129115,2011-04-27 18:22:29.0159
69,31900,6,,49.1,20.4,20110427181924-711-674,0.5,blue,1,blue,0,f,2011-04-27 17:39:04.503318,2011-04-27 18:22:51.707503
70,31900,7,,47.2,29.6,20110427181934-264-840,0.5,blue,1,blue,0,f,2011-04-27 17:39:32.702274,2011-04-27 18:23:16.036043
71,31900,8,,43.3,44.8,20110427181942-685-606,0.5,blue,1,blue,0,f,2011-04-27 17:40:03.357145,2011-04-27 18:23:40.974138
72,31900,9,,33.3,54,20110427181950-154-031,0.5,blue,1,blue,0,f,2011-04-27 17:40:39.134484,2011-04-27 18:24:19.356526
73,31900,10,,43.7,61,20110427181958-585-420,0.5,blue,1,blue,0,f,2011-04-27 17:40:58.592367,2011-04-27 18:24:47.675629
74,31903,1,,35,40.3,20110427232856-980-297,0.5,blue,1,blue,0,f,2011-04-27 18:06:25.193705,2011-04-27 23:31:05.864133
75,31903,2,,44.5,39.9,20110427232907-738-714,0.5,blue,1,blue,0,f,2011-04-27 18:06:55.391623,2011-04-27 23:31:20.365377
76,31903,3,,50.4,36.4,20110427232916-262-462,0.5,blue,1,blue,0,f,2011-04-27 18:12:29.151139,2011-04-27 23:31:38.096497
77,31903,4,,55.7,33.4,20110427232926-386-976,0.5,blue,1,blue,0,f,2011-04-27 18:12:55.077689,2011-04-27 23:31:54.753614
78,31903,5,,64.3,29.9,20110427232936-818-104,0.5,blue,1,blue,0,f,2011-04-27 18:14:16.612048,2011-04-27 23:32:09.399342
79,31903,6,,52.4,19.6,20110427232945-844-524,0.5,blue,1,blue,0,f,2011-04-27 18:14:41.005625,2011-04-27 23:32:26.990474
80,31903,7,,62,44.9,20110427232955-699-773,0.5,blue,1,blue,0,f,2011-04-27 18:15:35.25245,2011-04-27 23:32:41.796406
81,31903,8,,41.7,49.4,20110427233004-960-463,0.5,blue,1,blue,0,f,2011-04-27 18:16:40.904695,2011-04-27 23:32:58.886743
82,31903,9,,53,25.2,20110427233013-903-145,0.5,blue,1,blue,0,f,2011-04-27 18:17:22.600671,2011-04-27 23:33:13.924024
83,31903,10,,51,43.9,20110427233024-263-968,0.5,blue,1,blue,0,f,2011-04-27 19:03:51.132156,2011-04-27 23:33:28.8261
84,32229,1,,41,11,20110427214135-013-448,0.5,blue,1,blue,0,f,2011-04-27 21:01:19.211536,2011-04-27 21:43:41.552197
85,32229,2,,46.7,22.7,20110427214143-865-404,0.5,blue,1,blue,0,f,2011-04-27 21:01:52.528754,2011-04-27 21:44:08.695853
86,32229,3,,65.1,21.5,20110427214154-161-102,0.5,blue,1,blue,0,f,2011-04-27 21:05:12.497832,2011-04-27 21:44:30.728302
87,32229,4,,25,36.6,20110427214202-968-318,0.5,blue,1,blue,0,f,2011-04-27 21:05:23.732624,2011-04-27 21:45:06.953175
88,32229,5,,35.5,39.1,20110427214214-410-481,0.5,blue,1,blue,0,f,2011-04-27 21:05:34.853473,2011-04-27 21:45:37.779291
89,32229,6,,54,45,20110427214230-237-576,0.5,blue,1,blue,0,f,2011-04-27 21:05:45.855482,2011-04-27 21:46:02.218823
90,32229,7,,64,48.3,20110427214239-182-916,0.5,blue,1,blue,0,f,2011-04-27 21:05:56.177832,2011-04-27 21:46:36.219632
91,32229,8,,43.8,56,20110427214248-246-104,0.5,blue,1,blue,0,f,2011-04-27 21:06:08.728039,2011-04-27 21:47:02.193423
92,32229,9,,32.3,61,20110427214257-992-575,0.5,blue,1,blue,0,f,2011-04-27 21:06:16.625206,2011-04-27 21:47:30.708461
93,32232,1,,42,29.1,20110427215657-866-906,0.5,blue,1,blue,0,f,2011-04-27 21:24:22.856831,2011-04-27 21:58:25.019366
94,32232,2,,65.7,34.7,20110427215705-972-281,0.5,blue,1,blue,0,f,2011-04-27 21:24:39.859768,2011-04-27 21:58:49.920653
95,32232,3,,53.7,33.7,20110427215713-138-996,0.5,blue,1,blue,0,f,2011-04-27 21:24:50.303192,2011-04-27 21:59:16.69808
96,32232,4,,40.7,41.7,20110427215722-085-422,0.5,blue,1,blue,0,f,2011-04-27 21:24:57.735143,2011-04-27 21:59:38.145267
97,32232,5,,66.3,46,20110427215730-352-203,0.5,blue,1,blue,0,f,2011-04-27 21:25:07.234543,2011-04-27 21:59:59.840244
98,32232,6,,53,42.3,20110427215739-961-789,0.5,blue,1,blue,0,f,2011-04-27 21:25:14.597437,2011-04-27 22:00:19.259234
99,32226,1,,39,22.7,20110427222551-878-198,0.5,blue,1,blue,0,f,2011-04-27 21:40:17.234272,2011-04-27 22:27:24.615208
100,32226,2,,28.3,32,20110427222600-581-518,0.5,blue,1,blue,0,f,2011-04-27 21:40:25.80877,2011-04-27 22:27:45.722456
101,32226,3,,32.7,35.7,20110427222608-757-183,0.5,blue,1,blue,0,f,2011-04-27 21:40:32.964197,2011-04-27 22:28:02.650727
102,32226,4,,29,77,20110427222616-471-123,0.5,blue,1,blue,0,f,2011-04-27 21:40:42.530684,2011-04-27 22:28:22.944003
103,32226,5,,39.7,71,20110427222624-150-972,0.5,blue,1,blue,0,f,2011-04-27 21:40:51.17071,2011-04-27 22:28:42.988023
104,32226,6,,15,83.3,20110427222632-687-708,0.5,blue,1,blue,0,f,2011-04-27 21:40:59.093876,2011-04-27 22:29:02.181239
105,32226,7,,71.7,73,20110427222640-428-405,0.5,blue,1,blue,0,f,2011-04-27 21:41:07.349257,2011-04-27 22:29:20.886033
106,32262,sc1-1,,43.8,91.1,20110427230434-381-266,0.5,blue,1,blue,0,f,2011-04-27 22:09:00.357167,2011-04-27 23:11:08.365331
107,32262,sc1-2,,46.4,71.8,20110427230443-854-338,0.5,blue,1,blue,0,f,2011-04-27 22:09:15.723715,2011-04-27 23:12:28.602591
108,32262,sc1-3,,35.1,86.3,20110427230452-135-245,0.5,blue,1,red,0,f,2011-04-27 22:09:26.428328,2011-04-27 23:12:58.255426
109,32262,sc1-4,,33.2,66,20110427230500-261-509,0.5,blue,1,red,0,f,2011-04-27 22:09:34.665893,2011-04-27 23:13:18.418439
110,32262,sc1-5,,24.5,72.5,20110427230508-220-516,0.5,blue,1,red,0,f,2011-04-27 22:09:42.685056,2011-04-27 23:13:38.450816
111,32262,ay2-1,,64.1,27.1,20110427230227-076-370,0.5,blue,1,blue,0,f,2011-04-27 22:30:51.141404,2011-04-27 23:15:03.997661
112,32262,ay2-2,,53.1,46.4,20110427230242-584-713,0.5,blue,1,blue,0,f,2011-04-27 22:31:02.933841,2011-04-27 23:15:20.563613
113,32262,ay2-3,,54.1,37.4,20110427230250-863-886,0.5,blue,1,blue,0,f,2011-04-27 22:31:14.284228,2011-04-27 23:15:39.093753
114,32262,ay2-4,,54.4,19,20110427230258-288-158,0.5,blue,1,blue,0,f,2011-04-27 22:31:25.071037,2011-04-27 23:15:56.032706
115,32262,ay2-5,,36.4,45.7,20110427230307-175-071,0.5,blue,1,blue,0,f,2011-04-27 22:31:35.842795,2011-04-27 23:16:14.729401
116,32262,ay2-6,,40.6,33.5,20110427230315-690-356,0.5,blue,1,blue,0,f,2011-04-27 22:31:48.620592,2011-04-27 23:16:33.853246
117,32262,ay2-7,,42.5,19.6,20110427230324-147-693,0.5,blue,1,blue,0,f,2011-04-27 22:31:58.401884,2011-04-27 23:16:52.062099
118,32262,ay2-8,,44.1,9.7,20110427230337-453-797,0.5,blue,1,blue,0,f,2011-04-27 22:32:07.831299,2011-04-27 23:17:14.460204
119,32178,wo-gifu,,64.7,40.7,20110419141211-257-642,8,blue,10,blue,0,f,2011-04-28 09:10:23.500762,2011-08-01 14:49:34.268881
120,32145,1,,52.5,17.1,20110428193625-398-949,0.5,blue,1,blue,0,,2011-04-28 21:25:48.524068,2011-04-28 21:25:48.524068
121,32145,2,,59.5,15.4,20110428193635-203-829,0.5,blue,1,blue,0,,2011-04-28 21:26:38.128508,2011-04-28 21:26:38.128508
122,32145,3,,66.7,15.4,20110428193645-514-222,0.5,blue,1,blue,0,,2011-04-28 21:26:59.085685,2011-04-28 21:26:59.085685
123,32145,4,,53.9,39.8,20110428193655-980-545,0.5,blue,1,blue,0,,2011-04-28 21:27:21.295252,2011-04-28 21:27:21.295252
124,32145,5,,60.2,38.2,20110428193705-044-102,0.5,blue,1,blue,0,,2011-04-28 21:27:39.970405,2011-04-28 21:27:39.970405
125,32145,6,,71,31.2,20110428193714-717-486,0.5,blue,1,blue,0,,2011-04-28 21:28:03.904252,2011-04-28 21:28:03.904252
126,32145,7,,36.9,68.3,20110428193725-939-121,0.5,blue,1,blue,0,,2011-04-28 21:28:34.025473,2011-04-28 21:28:34.025473
127,32145,8,,47.1,73.4,20110428193734-409-385,0.5,blue,1,blue,0,,2011-04-28 21:28:55.342035,2011-04-28 21:28:55.342035
128,32145,9,,58.1,78.2,20110428193745-401-533,0.5,blue,1,blue,0,,2011-04-28 21:29:17.247481,2011-04-28 21:29:17.247481
129,32148,1,,43,25.9,20110428193333-018-708,0.5,blue,1,blue,0,,2011-04-28 21:31:00.816908,2011-04-28 21:31:00.816908
130,32148,2,,12.5,38.4,20110428193352-321-633,0.5,blue,1,blue,0,,2011-04-28 21:31:23.66093,2011-04-28 21:31:23.66093
131,32148,3,,55.5,45.4,20110428193406-624-021,0.5,blue,1,blue,0,,2011-04-28 21:31:43.740537,2011-04-28 21:31:43.740537
132,32148,4,,69.5,47.4,20110428193417-791-463,0.5,blue,1,blue,0,,2011-04-28 21:32:01.349278,2011-04-28 21:32:01.349278
133,32148,5,,22,54.9,20110428193427-357-503,0.5,blue,1,blue,0,,2011-04-28 21:32:22.242456,2011-04-28 21:32:22.242456
134,32148,6,,34,10.4,20110428193437-026-066,0.5,blue,1,blue,0,,2011-04-28 21:32:38.62474,2011-04-28 21:32:38.62474
135,32148,7,,54,22.9,20110428193447-902-781,0.5,blue,1,blue,0,,2011-04-28 21:33:01.387214,2011-04-28 21:33:01.387214
136,32142,1,,47.8,25.7,20110428192925-958-304,0.5,blue,1,blue,0,,2011-04-28 21:35:01.643544,2011-04-28 21:35:01.643544
137,32142,2,,39.5,28.9,20110428193038-115-104,0.5,blue,1,blue,0,,2011-04-28 21:35:19.906576,2011-04-28 21:35:19.906576
138,32142,3,,49.5,35.3,20110428193104-061-248,0.5,blue,1,blue,0,,2011-04-28 21:35:44.399445,2011-04-28 21:35:44.399445
139,32142,4,,51.9,49.6,20110428193115-532-257,0.5,blue,1,blue,0,,2011-04-28 21:36:02.539212,2011-04-28 21:36:02.539212
140,32142,5,,38.3,53.9,20110428193125-511-308,0.5,blue,1,blue,0,,2011-04-28 21:36:19.999189,2011-04-28 21:36:19.999189
141,32142,6,,54.7,71.4,20110428193136-044-424,0.5,blue,1,blue,0,,2011-04-28 21:36:40.313439,2011-04-28 21:36:40.313439
142,32142,7,,57.9,71.3,20110428193146-734-407,0.5,blue,1,blue,0,,2011-04-28 21:37:01.136303,2011-04-28 21:37:01.136303
143,32142,8,,63,44.3,20110428193156-572-603,0.5,blue,1,blue,0,,2011-04-28 21:37:20.087487,2011-04-28 21:37:20.087487
144,32142,9,,60.5,60.9,20110428193206-160-396,0.5,blue,1,blue,0,,2011-04-28 21:37:44.932475,2011-04-28 21:37:44.932475
145,32142,10,,40.5,73.4,20110428193217-823-527,0.5,blue,1,blue,0,,2011-04-28 21:38:02.963304,2011-04-28 21:38:02.963304
146,32139,1,,27.5,19.8,20110428192354-870-639,0.5,blue,1,blue,0,,2011-04-28 21:40:28.046477,2011-04-28 21:40:28.046477
147,32139,2,,56,21.8,20110428192409-412-037,0.5,blue,1,blue,0,,2011-04-28 21:40:48.024284,2011-04-28 21:40:48.024284
148,32139,3,,45.5,31.7,20110428192419-675-068,0.5,blue,1,blue,0,,2011-04-28 21:41:19.116542,2011-04-28 21:41:19.116542
149,32139,4,,29,40.5,20110428192430-154-027,0.5,blue,1,blue,0,,2011-04-28 21:41:43.627406,2011-04-28 21:41:43.627406
150,32139,5,,59,39.5,20110428192440-953-019,0.5,blue,1,blue,0,,2011-04-28 21:42:10.261533,2011-04-28 21:42:10.261533
151,32139,6,,17.9,29.5,20110428192450-865-780,0.5,blue,1,blue,0,,2011-04-28 21:42:34.521704,2011-04-28 21:42:34.521704
152,32139,7,,47.3,15.5,20110428192500-183-105,0.5,blue,1,blue,0,,2011-04-28 21:42:59.597248,2011-04-28 21:42:59.597248
153,32139,8,,76,31.9,20110428192509-810-224,0.5,blue,1,blue,0,,2011-04-28 21:43:36.152047,2011-04-28 21:43:36.152047
154,32139,9,,84,43.3,20110428192520-277-675,0.5,blue,1,blue,0,,2011-04-28 21:43:54.061472,2011-04-28 21:43:54.061472
155,32139,10,,17,50.3,20110428192531-864-021,0.5,blue,1,blue,0,,2011-04-28 21:44:13.115515,2011-04-28 21:44:13.115515
156,20338,1,,45.5,37.5,20110428191551-246-835,0.5,blue,1,blue,0,,2011-04-28 21:46:38.40758,2011-04-28 21:46:38.40758
157,20338,2,,39.8,55.5,20110428191607-242-196,0.5,blue,1,blue,0,,2011-04-28 21:46:59.46291,2011-04-28 21:46:59.46291
158,20338,3,,48.8,51.2,20110428191616-012-916,0.5,blue,1,blue,0,,2011-04-28 21:47:16.29553,2011-04-28 21:47:16.29553
159,20338,4,,62,36.5,20110428191626-092-428,0.5,blue,1,blue,0,,2011-04-28 21:47:33.759846,2011-04-28 21:47:33.759846
160,20338,5,,57.2,57.7,20110428191639-672-960,0.5,blue,1,blue,0,,2011-04-28 21:47:58.094508,2011-04-28 21:47:58.094508
161,20338,6,,71.5,42.2,20110428191650-094-617,0.5,blue,1,blue,0,,2011-04-28 21:48:17.121347,2011-04-28 21:48:17.121347
162,20338,7,,72.5,28,20110428191700-747-170,0.5,blue,1,blue,0,,2011-04-28 21:48:33.529559,2011-04-28 21:48:33.529559
163,20338,8,,43,18,20110428191711-775-155,0.5,blue,1,blue,0,,2011-04-28 21:48:51.251088,2011-04-28 21:48:51.251088
164,20338,9,,35.8,46.7,20110428191721-962-329,0.5,blue,1,blue,0,,2011-04-28 21:49:07.344703,2011-04-28 21:49:07.344703
165,20338,10,,52.5,65,20110428191731-798-878,0.5,blue,1,blue,0,,2011-04-28 21:49:28.114051,2011-04-28 21:49:28.114051
166,32073,1,,28,30.5,20110428191154-016-547,0.5,blue,1,blue,0,,2011-04-28 21:51:47.726483,2011-04-28 21:51:47.726483
167,32073,2,,40,22,20110428191203-659-928,0.5,blue,1,blue,0,,2011-04-28 21:52:05.072519,2011-04-28 21:52:05.072519
168,32073,3,,38.8,46.3,20110428191213-550-219,0.5,blue,1,blue,0,,2011-04-28 21:52:27.269395,2011-04-28 21:52:27.269395
169,32073,4,,42,36.3,20110428191223-223-165,0.5,blue,1,blue,0,,2011-04-28 21:52:47.119064,2011-04-28 21:52:47.119064
170,32073,5,,47.8,31,20110428191233-684-887,0.5,blue,1,blue,0,,2011-04-28 21:53:08.971896,2011-04-28 21:53:08.971896
171,32073,6,,61.5,23.5,20110428191248-934-862,0.5,blue,1,blue,0,,2011-04-28 21:53:32.122264,2011-04-28 21:53:32.122264
172,32073,7,,71.3,27,20110428191258-233-267,0.5,blue,1,blue,0,,2011-04-28 21:53:54.919501,2011-04-28 21:53:54.919501
173,32073,8,,73.1,39.5,20110428191308-359-865,0.5,blue,1,blue,0,,2011-04-28 21:54:18.69806,2011-04-28 21:54:18.69806
174,32073,9,,61,47.8,20110428191318-583-145,0.5,blue,1,blue,0,,2011-04-28 21:54:41.282865,2011-04-28 21:54:41.282865
175,32073,10,,72.3,52.1,20110428191328-643-429,0.5,blue,1,blue,0,,2011-04-28 21:55:06.44044,2011-04-28 21:55:06.44044
176,32076,1,,39,16,20110428190909-859-251,0.5,blue,1,blue,0,,2011-04-28 22:02:11.992598,2011-04-28 22:02:11.992598
177,32076,2,,50.5,16,20110428190926-975-207,0.5,blue,1,blue,0,,2011-04-28 22:02:32.790628,2011-04-28 22:02:32.790628
178,32076,3,,72.5,20,20110428190936-312-230,0.5,blue,1,blue,0,,2011-04-28 22:02:49.361785,2011-04-28 22:02:49.361785
179,32076,4,,28,30,20110428190946-616-052,0.5,blue,1,blue,0,,2011-04-28 22:03:09.873286,2011-04-28 22:03:09.873286
180,32076,5,,45,33.5,20110428190955-197-760,0.5,blue,1,blue,0,,2011-04-28 22:03:25.696306,2011-04-28 22:03:25.696306
181,32076,6,,68,29,20110428191005-100-126,0.5,blue,1,blue,0,,2011-04-28 22:03:45.436928,2011-04-28 22:03:45.436928
182,32076,7,,22,45,20110428191014-866-587,0.5,blue,1,blue,0,,2011-04-28 22:04:02.545564,2011-04-28 22:04:02.545564
183,32076,8,,35.5,46.5,20110428191024-152-411,0.5,blue,1,blue,0,,2011-04-28 22:04:20.306603,2011-04-28 22:04:20.306603
184,32076,9,,50.5,47,20110428191034-593-950,0.5,blue,1,blue,0,,2011-04-28 22:04:41.602571,2011-04-28 22:04:41.602571
185,32076,10,,75.5,42.5,20110428191044-347-938,0.5,blue,1,blue,0,,2011-04-28 22:04:56.624549,2011-04-28 22:04:56.624549
186,32394,ol-sc1,,45.1103776390128,45,20110502154536-424-436,0.5,blue,5,blue,0,f,2011-05-02 15:55:00.442713,2013-01-12 21:26:22.599681
187,32394,ol-fk1,,45.8103776390128,46.6,20110502154557-991-086,0.5,blue,5,blue,0,f,2011-05-02 15:55:27.998618,2013-01-12 21:26:35.761185
188,32394,ol-fo,,46.2103776390128,48.7,20110502154549-307-719,0.5,blue,5,blue,0,f,2011-05-02 15:55:55.334738,2013-01-12 21:26:48.210641
189,32394,dust-93b,,42.3,46.7,20110502154613-850-122,0.5,blue,5,blue,0,t,2011-05-02 15:56:28.467543,2013-01-12 21:28:58.434093
190,32394,ol-93b,,47.7103776390128,45.7,20110502154604-895-477,0.5,blue,5,blue,0,t,2011-05-02 15:57:39.082304,2013-01-12 21:29:09.747092
191,32536,ol-sc-1,,51.9,24.8,20110506091958-564-104,0.5,blue,1,blue,0,,2011-05-06 09:27:55.128378,2011-05-06 09:27:55.128378
192,32536,ol-AY,,63.1,28.5,20110506092009-748-720,0.5,blue,1,blue,0,,2011-05-06 09:28:28.416712,2011-05-06 09:28:28.416712
193,32536,lab,,41.8,29.5,20110506092039-677-889,0.5,blue,1,blue,0,,2011-05-06 09:28:55.284795,2011-05-06 09:28:55.284795
194,32536,ano,,47.5,38.1,20110506092032-918-070,0.5,blue,1,blue,0,,2011-05-06 09:29:24.597574,2011-05-06 09:29:24.597574
195,32536,ab,,59.5,40.1,20110506092020-448-020,0.5,blue,1,blue,0,,2011-05-06 09:29:49.052135,2011-05-06 09:29:49.052135
196,32469,ol-93-b2,,70.5,55.8,20110504162624-381-204,1,blue,5,blue,0,t,2011-05-06 10:54:52.120522,2013-06-18 09:06:50.99192
197,32469,ref-ol-fo1,,39.5,63.5,20110504162613-153-918,12,blue,6,blue,0,f,2011-05-06 10:55:23.517549,2013-06-17 18:02:15.386617
198,32469,ref-ol-sc1,,31,32.5,20110504162600-283-032,8,blue,5,blue,0,f,2011-05-06 10:56:01.052869,2013-01-12 21:27:40.905668
199,32469,ref-ol-fk1,,43.5,6,20110504162607-228-079,6,blue,5,blue,0,f,2011-05-06 10:56:28.388829,2013-06-18 12:03:31.550046
200,32533,ol-sc-1,,54.5,23.5,20110506112521-799-102,0.5,blue,1,blue,0,,2011-05-06 12:14:55.11097,2011-05-06 12:14:55.11097
201,32533,ol-YA,,63.1,28.2,20110506112529-878-756,0.5,blue,1,blue,0,,2011-05-06 12:15:27.52966,2011-05-06 12:15:27.52966
202,32533,ano,,50.1,39.7,20110506112539-885-541,0.5,blue,1,blue,0,,2011-05-06 12:15:55.345903,2011-05-06 12:15:55.345903
203,32533,lab,,44.2,28.6,20110506112543-377-975,0.5,blue,1,blue,0,,2011-05-06 12:16:20.263243,2011-05-06 12:16:20.263243
204,32533,ab,,60.9,37.1,20110506112536-321-557,0.5,blue,1,blue,0,,2011-05-06 12:17:08.810544,2011-05-06 12:17:08.810544
205,31873,1,,32.3,28.8,20110506140225-657-342,0.5,blue,1,blue,0,,2011-05-06 14:09:06.543989,2011-05-06 14:09:06.543989
206,31873,2,,20.6,34.5,20110506140307-280-460,0.5,blue,1,blue,0,,2011-05-06 14:09:35.72142,2011-05-06 14:09:35.72142
207,31873,3,,33,37.9,20110506140347-080-367,0.5,blue,1,blue,0,,2011-05-06 14:10:01.882743,2011-05-06 14:10:01.882743
208,31873,4,,25.7,35.5,20110506140427-873-184,0.5,blue,1,blue,0,,2011-05-06 14:10:26.137152,2011-05-06 14:10:26.137152
209,31873,5,,25,45.1,20110506140508-020-490,0.5,blue,1,blue,0,,2011-05-06 14:10:52.165884,2011-05-06 14:10:52.165884
210,32578,011,,65.8,24.4,20110506163200-437-718,20,blue,5,blue,0,f,2011-05-06 16:34:47.747942,2011-05-06 16:36:07.587145
211,32578,012,,35.7,24,20110506163214-096-294,18,blue,5,blue,0,f,2011-05-06 16:37:41.354999,2011-05-06 16:40:18.125533
212,32578,013,,35.3,43.8,20110506163225-843-798,18,blue,5,blue,0,f,2011-05-06 16:41:45.918287,2011-05-06 16:42:00.565123
213,32578,016,,60.6,44.6,20110506163244-999-766,18,blue,5,blue,0,f,2011-05-06 16:45:21.763379,2011-05-06 16:45:32.724433
220,32650,gl-an,,61,22.8313148788927,20101206094138451.hkitagawa,5,blue,20,blue,0,f,2011-05-10 09:41:00.117979,2013-01-26 00:13:11.078884
221,32650,gl-ab,,27.7,33.1313148788927,20101206094125463.hkitagawa,5,blue,20,blue,0,f,2011-05-10 09:43:05.630857,2013-01-26 00:13:51.202616
222,32650,gl-an25ab75,,25.9,64.0313148788927,20101206094159185.hkitagawa,3,red,20,blue,0,f,2011-05-10 09:44:28.855872,2013-01-26 00:11:54.491682
223,32650,gl-an75ab25,,75,39.6313148788927,20101206094244700.hkitagawa,3,red,20,red,0.2,f,2011-05-10 09:47:13.629943,2013-01-26 00:12:51.757663
224,32650,gl-an50ab50,,53.4,48.3313148788927,20101206094217676.hkitagawa,3,red,20,red,0.2,f,2011-05-10 09:48:29.843399,2013-01-26 00:12:34.888476
225,32650,ol-sc-1,,61.1,79.6313148788927,20101206094256578.hkitagawa,5,green,20,green,0.2,f,2011-05-10 09:49:56.568768,2013-01-26 00:11:30.777602
226,32671,1,,60.7,22.7,"",0.5,white,2,blue,0,f,2011-05-10 13:58:23.845239,2011-05-10 13:58:42.469925
227,32671,2,,80.5,38.2,"",0.5,white,1,blue,0,f,2011-05-10 13:59:18.250711,2011-05-10 13:59:25.118794
228,32671,3,,27,53.2,"",0.5,white,2,blue,0,f,2011-05-10 14:00:01.296657,2011-05-10 14:00:10.321929
229,32668,1,,56.5,16.6,"",0.5,blue,1,blue,0,,2011-05-10 14:04:03.0534,2011-05-10 14:04:03.0534
230,32668,2,,47.5,50.5,"",0.5,blue,1,blue,0,,2011-05-10 14:04:49.916493,2011-05-10 14:04:49.916493
231,32668,3,,39.1,82.5,"",0.5,blue,1,blue,0,,2011-05-10 14:05:11.068537,2011-05-10 14:05:11.068537
232,32313,33. Obsidian,,41.3,16.8,20110510142853-381-763,5,blue,1,blue,0,f,2011-05-10 14:30:44.022399,2011-05-10 14:31:32.157756
233,32313,1. Albite,,62.1,88.1,20110510143520-698-901,5,blue,1,blue,0,f,2011-05-10 14:37:27.607547,2011-05-10 14:37:33.606393
234,32677,1,,41.8,19.8,"",0.5,blue,1,blue,0,,2011-05-10 14:39:41.7917,2011-05-10 14:39:41.7917
235,32677,2,,37.5,33,"",0.5,blue,1,blue,0,,2011-05-10 14:43:54.200357,2011-05-10 14:43:54.200357
236,32677,3,,50.6,44.6,"",0.5,blue,1,blue,0,,2011-05-10 14:44:25.655195,2011-05-10 14:44:25.655195
237,32659,1,,25.5,30,"",0.5,blue,1,blue,0,,2011-05-10 16:27:22.460379,2011-05-10 16:27:22.460379
238,32659,2,,82,18,"",0.5,blue,1,blue,0,,2011-05-10 16:28:05.622836,2011-05-10 16:28:05.622836
239,32659,3,,52.5,34,"",0.5,blue,1,blue,0,,2011-05-10 16:28:33.237917,2011-05-10 16:28:33.237917
240,32656,1,,39.5,19,"",0.5,blue,1,blue,0,,2011-05-10 16:56:12.086177,2011-05-10 16:56:12.086177
241,32656,2,,53,36.5,"",0.5,blue,1,blue,0,,2011-05-10 16:56:27.726422,2011-05-10 16:56:27.726422
242,32656,3,,71.5,57.5,"",0.5,blue,1,blue,0,,2011-05-10 16:57:15.943621,2011-05-10 16:57:15.943621
243,32656,4,,83,51.5,"",0.5,blue,1,blue,0,,2011-05-10 17:13:12.055707,2011-05-10 17:13:12.055707
244,32656,5,,73,18,"",0.5,blue,1,blue,0,,2011-05-10 17:17:48.50272,2011-05-10 17:17:48.50272
246,32665,1,,51.5,35,"",0.5,blue,1,blue,0,f,2011-05-10 17:54:22.669465,2011-05-10 17:54:58.338882
247,32665,2,,51.5,19,"",0.5,blue,1,blue,0,,2011-05-10 17:55:34.658613,2011-05-10 17:55:34.658613
248,32665,3,,54.5,50.5,"",0.5,blue,1,blue,0,,2011-05-10 17:56:14.864419,2011-05-10 17:56:14.864419
250,32701,en-px-K002-b,,55.3,21.7,20110507160030-688-523,0.5,blue,8,blue,0.2,t,2011-05-11 14:56:40.417437,2013-01-12 21:25:53.305252
251,32701,ref-ol-fo1,,82,9,20110507160004-374-311,5,blue,8,blue,0.2,f,2011-05-11 15:10:42.53556,2013-01-12 21:24:50.131281
252,32701,ref-cpx-klb1,,29.3,13.3,20110507160020-885-022,10,blue,8,blue,0.2,f,2011-05-11 15:16:09.561804,2013-01-12 21:24:34.332756
253,32701,ref-opx-klb1,,34.5,44,20110507160011-972-023,8,blue,8,blue,0.1,f,2011-05-11 15:17:52.472157,2013-01-12 21:25:45.478951
254,32701,ref-gl-ab,,15.5,58.5,20110511153034-169-506,5,blue,8,blue,0.1,f,2011-05-11 15:19:14.120751,2013-01-12 21:25:34.333936
255,32701,ref-pl-lab1,,14.4,2.3,20110511153255-969-062,3,blue,8,blue,0.1,f,2011-05-11 15:22:14.089454,2013-01-12 21:24:58.941507
256,32701,ref-pl-lab2,,9.8,25.9,20110511153304-886-432,5,blue,8,blue,0.1,f,2011-05-11 15:22:43.242464,2013-01-12 21:25:12.413124
257,32701,ref-ol-fk1,,76.5,48.9,20110507155957-103-085,5,blue,8,blue,0.1,f,2011-05-11 15:40:25.587482,2013-01-12 21:25:05.266918
258,32701,ref-ol-sc1,,56.8,66.8,20110507155950-125-883,5,blue,8,blue,0.1,f,2011-05-11 15:41:10.512641,2013-01-12 21:24:42.801131
259,32755,en-px-E002-b,,37.7,49,20110514185257-135-219,5,red,8,blue,0,t,2011-05-14 19:06:14.640786,2013-02-06 21:06:35.841777
260,32755,ref-opx-klb1,,88.9,40.3,20110514185243-748-808,5,red,8,blue,0,f,2011-05-14 19:07:05.516768,2013-01-12 21:23:42.797034
261,32755,ref-cpx-klb1,,63.8,64.3,20110514185237-252-426,5,red,8,blue,0,f,2011-05-14 19:07:29.891164,2013-01-12 21:23:56.51275
262,32755,ref-ol-fo1,,11.8,64.3,20110514185228-736-255,5,red,8,blue,0,f,2011-05-14 19:07:51.871109,2013-01-12 21:24:02.649033
263,32755,ref-ol-sc1,,17.6,35.1,20110514185222-161-996,5,red,8,blue,0,f,2011-05-14 19:08:19.023099,2013-01-12 21:23:33.851047
264,32755,ref-ol-fk1,,39.3,8.4,20110514185233-171-536,5,red,8,blue,0,f,2011-05-14 19:08:42.4429,2013-01-12 21:23:26.973253
267,32932,en-ol-E003b,,33.2,35.6,20110518194205-602-801,5,red,8,blue,0,t,2011-05-19 09:48:44.482702,2013-06-19 08:37:18.998189
268,32932,ref-ol-sc1,,18.8,43.5,20110518194211-103-187,5,red,8,blue,0,f,2011-05-19 09:49:54.169393,2013-01-12 21:21:38.08672
269,32932,ref-ol-fk1,,16,31,20110518194217-336-786,5,red,8,blue,0,f,2011-05-19 09:50:30.968898,2013-01-12 21:21:03.039865
270,32932,ref-ol-fo1,,11.4,61.5,20110518194221-681-398,5,red,8,blue,0,f,2011-05-19 09:51:15.795554,2013-01-12 21:21:48.822117
271,32932,ref-pl-lab1,,34.7,14.8,20110518194331-574-738,5,red,8,blue,0,f,2011-05-19 09:52:01.028305,2013-01-12 21:21:19.106584
272,32932,ref-gl-ab1,,57.5,31,20110518194323-577-749,5,red,8,blue,0,f,2011-05-19 09:52:34.77656,2013-01-12 21:21:11.532188
273,32932,ref-opx-klb1,,55.1,66,20110518194236-014-666,5,red,8,blue,0,f,2011-05-19 10:38:09.18674,2013-01-12 21:22:06.555803
275,32932,ref-cpx-klb1,,57.7,47.1,20110518194229-899-182,5,red,8,blue,0,f,2011-05-19 10:39:02.201238,2013-01-12 21:21:57.818399
276,32752,ref-ol-sc1,,35,15.6221221221221,20110519113319-785-641,5,blue,10,blue,0,f,2011-05-19 11:34:45.954388,2013-01-26 00:07:08.085183
277,32752,ref-gl-an25ab75,,69,18.1221221221221,20110519113326-602-820,5,blue,10,blue,0,f,2011-05-19 11:36:33.230973,2013-01-26 00:08:50.33415
278,32752,ref-gl-an50ab50,,44,41.1221221221221,20110519113338-428-028,5,blue,10,blue,0,f,2011-05-19 11:38:03.824201,2013-01-26 00:07:33.726789
279,32752,ref-gl-ab100,,71.5,46.6221221221221,20110519113344-391-094,5,blue,10,blue,0,f,2011-05-19 11:38:38.015799,2013-01-26 00:09:14.857005
280,32752,ref-gl-an75ab25,,22,61.1221221221221,20110519113351-126-569,5,blue,10,blue,0,f,2011-05-19 11:39:17.426656,2013-01-26 00:08:28.786479
281,32752,ref-gl-an100,,58,72.6221221221221,20110519113357-581-361,5,blue,10,blue,0,f,2011-05-19 11:39:44.576118,2013-01-26 00:09:34.882959
282,33046,detail,,29.1,52.8,20110519140749-737-951,10,blue,1,blue,0,f,2011-05-19 14:09:58.05135,2011-05-19 14:10:28.977368
283,33046,detail,,74.6,48.6,20110519141456-467-491,10,blue,1,blue,0,f,2011-05-19 14:16:02.878721,2011-05-19 14:16:10.796029
287,33116,767,,63,41.4,20110520080418-025-183,1,red,1,red,0,f,2011-05-20 08:12:57.138057,2011-05-20 08:13:20.465182
288,33119,762,,46.4,35.1,20110520080418-626-983,1,red,1,red,0,f,2011-05-20 08:14:27.766537,2011-05-20 08:15:31.363014
289,33119,763,,57.3,34.8,20110520080418-539-936,1,red,1,red,0,f,2011-05-20 08:16:21.406975,2011-05-20 08:16:39.89443
290,33122,760,,68.5,39.8,20110520080418-628-038,0.5,red,1,red,0,f,2011-05-20 08:18:05.623818,2011-05-20 08:18:31.623943
291,33125,749,,46.9,37.5,"",0.5,blue,1,blue,0,,2011-05-20 08:21:36.962801,2011-05-20 08:21:36.962801
292,33125,752,,49.3,37.6,20110520080417-309-608,0.5,blue,1,blue,0,,2011-05-20 08:22:17.291792,2011-05-20 08:22:17.291792
293,33125,753,,51.9,37.4,20110520080417-422-713,0.5,blue,1,blue,0,,2011-05-20 08:22:45.128574,2011-05-20 08:22:45.128574
294,33128,751,,59.3,31.3,20110520075229-829-225,0.5,blue,1,blue,0,,2011-05-20 08:25:07.22084,2011-05-20 08:25:07.22084
295,33128,754,,39.8,36.5,20110520080417-777-952,0.5,blue,1,blue,0,,2011-05-20 08:25:50.669058,2011-05-20 08:25:50.669058
296,33128,757,,45.8,35.9,20110520080418-504-677,0.5,blue,1,blue,0,,2011-05-20 08:26:15.287226,2011-05-20 08:26:15.287226
297,33128,758,,50.5,35.4,20110520080418-891-018,0.5,blue,1,blue,0,,2011-05-20 08:26:38.541004,2011-05-20 08:26:38.541004
298,33128,759,,55.8,36.1,20110520080418-658-336,0.5,blue,1,blue,0,,2011-05-20 08:27:03.104946,2011-05-20 08:27:03.104946
299,33128,761,,42.5,40.9,20110520080418-700-629,0.5,blue,1,blue,0,,2011-05-20 08:27:27.939346,2011-05-20 08:27:27.939346
300,33128,764,,48.5,41.3,20110520080418-386-009,0.5,blue,1,blue,0,,2011-05-20 08:27:51.494957,2011-05-20 08:27:51.494957
301,33128,766,,52.9,40.4,20110520080418-017-848,0.5,blue,1,blue,0,,2011-05-20 08:28:18.585428,2011-05-20 08:28:18.585428
302,33128,768,,60,40.6,20110520080419-488-380,0.5,blue,1,blue,0,,2011-05-20 08:28:45.486189,2011-05-20 08:28:45.486189
305,33149,1,,47.8,36.9,20110524104613-521-017,5,red,10,red,0.1,f,2011-05-24 10:45:00.838306,2013-02-07 09:13:23.057771
306,32836,gl-95b@2,,73.1,18.1,20110524112714-546-816,5,blue,10,blue,0.1,f,2011-05-24 11:11:25.489276,2013-01-24 22:45:10.610293
307,32836,gl-95b@1,,62.5,28.1,20110524112713-975-203,5,blue,10,blue,0.1,f,2011-05-24 11:12:17.905409,2013-01-24 22:45:24.002092
308,32836,px-95b@1,,35.3,42,20110524112714-325-903,5,red,10,red,0.1,f,2011-05-24 11:12:57.83906,2013-01-24 22:45:57.606829
309,32836,px-95b@2,,59.9,50.5,20110524112714-702-132,5,red,10,red,0.1,f,2011-05-24 11:13:52.899677,2013-01-24 22:45:37.56817
310,34433,a,,70.5,47.3,20110714093418-136-885,0.5,blue,1,blue,0,,2011-07-14 11:30:19.888916,2011-07-14 11:30:19.888916
311,32178,ol-sc,,45.3,39.0073578595318,20110419140833-373-418,8,green,30,blue,0,f,2011-08-01 14:35:48.476434,2013-02-19 08:00:47.526196
312,32178,opx-TZ1001,,32.5,44.2073578595318,20110419141053-748-970,8,blue,15,blue,0,f,2011-08-01 14:38:48.924353,2013-02-19 08:00:16.742836
313,32178,en-SL1,,30,61.8,20110419140950-388-410,8,blue,10,blue,0,f,2011-08-01 14:45:41.044248,2011-08-01 14:49:53.437759
314,32178,cpx-di-TZ1001,,43.9,68.5,20110419140413-209-344,8,blue,10,blue,0,f,2011-08-01 14:46:45.641134,2011-08-01 14:49:59.501854
315,32178,cpx-cr-diopside,,61.2,66.6,20110419140455-161-608,8,blue,10,blue,0,f,2011-08-01 14:47:42.637986,2011-08-01 14:49:24.940128
316,32178,cpx-sax33,,72.1,55.2,20110419140720-480-404,8,blue,10,blue,0,f,2011-08-01 14:48:18.607267,2011-08-01 14:50:04.749145
317,32181,cpx-sax33-hk2,,67.9,55.5,20110419140734-017-509,8,blue,10,blue,0,f,2011-08-01 16:10:47.154123,2011-08-01 16:10:59.663537
318,32181,px-wo-Gifu-hk2,,72.9,39.6,20110419141216-040-275,8,blue,10,blue,0,f,2011-08-01 16:11:43.806909,2011-08-01 16:11:51.488906
319,32181,ref-ol-sc-hk2,,56.7,33,20110419140839-756-033,8,green,10,blue,0,f,2011-08-01 16:14:46.192739,2011-08-01 16:17:46.521334
320,32181,opx-TZ1001-hk2,,39.5,39.7,20110419141057-582-241,8,blue,10,blue,0,f,2011-08-01 16:15:33.481245,2011-08-01 16:15:41.565474
321,32181,en-SL1-hk2,,32.1,53.1,20110419140954-014-459,8,blue,10,blue,0,f,2011-08-01 16:16:08.280681,2011-08-01 16:16:16.249362
322,32181,cpx-di-tz1001-hk2,,41.3,67.2,20110419140423-257-418,8,blue,10,blue,0,f,2011-08-01 16:16:57.445621,2011-08-01 16:17:02.983643
323,32181,cpx-cr-diopside-hk2,,59.5,67.6,20110419140501-992-434,8,blue,10,blue,0,f,2011-08-01 16:17:28.878604,2011-08-01 16:17:34.360989
324,32184,ref-ol-sc-hk3,,51.3,31.7,20110419140844-895-208,8,green,10,blue,0,f,2011-08-01 16:19:23.415567,2011-08-01 16:19:32.956506
325,32184,px-wo-Gifu-hk3,,56,54.4,20110419141220-868-783,8,blue,10,blue,0,f,2011-08-01 16:25:46.9547,2011-08-01 16:25:55.494551
326,32184,cpx-di-tz1001-hk3,,38,65.2,20110419140430-247-202,8,blue,10,blue,0,f,2011-08-01 16:26:31.114756,2011-08-01 16:26:36.391243
327,32184,cpx-sax33-hk3,,77.2,50.9,20110419140740-133-021,8,blue,10,blue,0,f,2011-08-01 16:27:19.13391,2011-08-01 16:27:25.459122
328,32184,en-SL1-hk3,,27.3,51.7,20110419140959-051-296,8,blue,10,blue,0,f,2011-08-01 16:29:03.367883,2011-08-01 16:32:31.26265
330,32184,cpx-cr-diopside-hk3b,,70.5,64.9,20110801182000-580-079,8,blue,10,blue,0,f,2011-08-01 18:20:35.832732,2011-08-01 18:20:42.980618
331,32184,cpx-cr-diopside-hk3,,52.9,73.8,20110419140508-943-972,8,blue,10,blue,0,f,2011-08-01 18:21:09.112127,2011-08-01 18:21:15.939414
332,32184,en-SL1-hk3b,,37.5,39.9,20110801182201-569-446,8,blue,10,blue,0,f,2011-08-01 18:22:31.923143,2011-08-01 18:25:34.471381
333,36250,ol-sc-3,,64,20.2,20120206101036-868-600,10,blue,1,blue,0,f,2012-02-06 10:25:06.785461,2012-02-06 10:27:11.965276
334,36250,gl-pjr1,,61,52.5,20120206101051-750-409,10,blue,1,blue,0,f,2012-02-06 10:28:15.749343,2012-02-06 10:28:40.964242
335,36250,amp-rich,,36,24.5,20120206101122-934-432,10,blue,1,blue,0,f,2012-02-06 10:29:26.657273,2012-02-06 10:29:39.646179
336,36250,amp-arf,,37,55.2,20120206101110-077-313,10,blue,1,blue,0,f,2012-02-06 10:30:26.363183,2012-02-06 10:31:02.786525
337,36252,amp-arf,,43.3,52.5,20120206101455-565-744,5,blue,1,blue,0,f,2012-02-06 10:32:43.253749,2012-02-06 10:32:55.886073
338,36252,amp-arf,,61,53.8,20120206101455-565-744,5,blue,1,blue,0,f,2012-02-06 10:33:26.117709,2012-02-06 10:33:48.733296
339,36252,amp-rich,,32,27.8,20120206101508-653-207,5,blue,1,blue,0,f,2012-02-06 10:34:35.525835,2012-02-06 10:34:47.299493
340,36252,ol-sc-3,,62.7,26.8,20120206101442-160-047,5,blue,1,blue,0,f,2012-02-06 10:35:25.95887,2012-02-06 10:35:36.717118
341,32989,1,,49.8,34.6,20120222192429-444-319,15,red,5,red,0,f,2012-02-22 19:52:26.117191,2012-02-26 14:22:42.541406
342,32989,802,,52.8,31,20120222194521-900-286,15,blue,5,blue,0,f,2012-02-22 19:54:34.312459,2013-02-14 19:26:16.04192
343,32524,721,,55.2,43.8,20120223193537-455-422,8,blue,5,blue,0,f,2012-02-23 19:39:31.222614,2012-02-26 14:16:42.211146
344,32524,723,,38.3,38.3,20120223193712-447-283,8,blue,5,blue,0,f,2012-02-23 19:40:50.980466,2012-02-26 14:17:07.913888
345,32524,720,,56.3,14.7,20120223193413-873-104,8,blue,5,blue,0,f,2012-02-23 19:43:11.704568,2012-02-26 14:17:25.308074
346,32524,694,,44.2,25,20120223193244-229-984,8,blue,5,blue,0,f,2012-02-24 16:20:07.404631,2012-02-26 14:17:35.489617
347,32524,2,,54,23.3,20120224161128-468-643,8,red,5,red,0,f,2012-02-24 16:21:22.929148,2012-02-26 14:17:44.365635
348,32524,3,,37.3,30.3,20120224161128-881-454,8,red,5,blue,0,f,2012-02-24 16:22:33.735437,2012-02-26 14:18:01.094604
349,32524,4,,66.3,17.7,20120224161128-138-577,8,red,5,blue,0,f,2012-02-24 16:23:13.538842,2012-02-26 14:18:10.791473
350,32524,5,,64,8.7,20120224161128-313-215,8,red,5,blue,0,f,2012-02-24 16:24:10.42418,2012-02-26 14:18:20.276581
351,32524,6,,70,32,20120224161129-381-305,8,red,5,blue,0,f,2012-02-24 16:25:19.037494,2012-02-26 14:18:30.229979
352,32908,755,,50.3,44.7,20110520073816-799-968,8,blue,14,blue,0,f,2012-02-24 17:00:37.951962,2013-01-31 22:23:25.305569
353,32908,756,,33,28.3,20110520073916-637-498,8,blue,10,blue,0,f,2012-02-24 17:01:10.677676,2013-01-24 22:40:38.669738
354,32908,765,,70,14,20110520074012-809-874,8,blue,10,blue,0,f,2012-02-24 17:01:45.241678,2013-01-24 22:43:39.586497
355,32908,7,,30.3,33,20120224165505-011-632,8,red,10,blue,0,f,2012-02-24 17:02:34.767782,2013-01-24 22:43:15.318339
356,32908,8,,47,39,20120224165505-288-138,8,red,15,blue,0,f,2012-02-24 17:03:12.868785,2013-01-28 22:04:02.992204
357,32908,9,,70.3,19.3,20120224165505-185-048,8,red,10,blue,0,f,2012-02-24 17:03:43.422539,2013-01-24 22:41:28.863292
358,32908,10,,59.3,26.3,20120224165506-316-241,8,red,10,blue,0,f,2012-02-24 17:04:19.87199,2013-01-24 22:41:03.001372
359,32809,782,,55.7,34,20110524102434-601-562,8,blue,10,blue,0,f,2012-02-24 17:19:57.999809,2013-01-25 08:53:31.826046
360,32809,783,,40,48.7,20110524103255-303-452,8,blue,10,blue,0,f,2012-02-24 17:20:26.068527,2013-01-25 08:54:01.275723
361,32809,11,,58.3,29.7,20120224171743-453-301,8,red,10,blue,0,f,2012-02-24 17:20:52.063332,2013-01-25 08:54:42.670756
362,32809,12,,43,37.3,20120224171743-270-386,8,red,10,blue,0,f,2012-02-24 17:21:16.01826,2013-01-25 08:55:53.394054
363,32809,13,,40.7,53.3,20120224171743-978-832,8,red,10,blue,0,f,2012-02-24 17:21:38.812676,2013-01-25 08:56:27.764653
364,37117,ref-ol-fk1,,63.9,66.1,20120502145235-983-411,0.5,blue,1,blue,0,f,2012-05-02 14:53:23.486715,2012-05-02 14:53:23.486715
365,37117,ref-ol-fo1,,82.8,34.2,20120502145447-817-914,0.5,blue,1,blue,0,,2012-05-02 14:55:14.30717,2012-05-02 14:55:14.30717
366,37117,ref-ol-sc1,,77.1,50.3,20120502145609-768-017,0.5,blue,1,blue,0,,2012-05-02 14:56:35.732759,2012-05-02 14:56:35.732759
367,37117,ref-ol-fa1,,37,31.8,20120502145840-446-935,0.5,blue,1,blue,0,,2012-05-02 14:59:12.515621,2012-05-02 14:59:12.515621
368,37117,ref-ol-nwa6704,,66.7,13.8,20120502150039-839-092,0.5,blue,1,blue,0,,2012-05-02 15:01:04.927339,2012-05-02 15:01:04.927339
369,37689,gl-wm-1105-ba0,,52,20.8,20120604164435-177-597,2,blue,1,blue,0,t,2012-06-04 18:49:01.408049,2012-06-04 19:49:59.481045
370,37689,gl-wm-2503-ba2,,49,43.1,20120604164458-893-550,2,blue,1,blue,0,t,2012-06-04 19:24:47.861855,2012-06-04 19:26:09.108417
371,37689,gl-wm-1102ba5,,46.9,64.7,20120604164512-746-563,2,blue,1,blue,0,t,2012-06-04 19:28:21.833403,2012-06-04 19:28:47.082497
372,37689,gl-wm-0902-ba5,,45.4,83.7,20120604164534-153-374,2,blue,1,blue,0,t,2012-06-04 19:30:02.592225,2012-06-04 19:30:18.18789
373,37690,gl-wm-nist610,,60.2,22.2,20120604165221-089-349,2,blue,1,blue,0,t,2012-06-04 19:31:57.390618,2012-06-04 19:32:43.032603
375,37690,gl-wm-nist612,,43.7,75.4,20120604165234-160-926,2,blue,1,blue,0,t,2012-06-04 19:33:54.259153,2012-06-04 19:34:15.19337
376,37691,gl-wm-esrf-phon-run4,,45.2,36.1,20120604171124-142-773,2,blue,1,blue,0,t,2012-06-04 19:36:42.105401,2012-06-04 19:52:17.668253
377,37691,gl-wm-esrf-phon-run5,,45.1,43.7,20120604171136-388-670,2,blue,1,blue,0,t,2012-06-04 19:37:45.894509,2012-06-04 19:52:09.408861
378,37691,gl-wm-esrf-phon-run2,,46.5,62.3,20120604171148-713-841,2,blue,1,blue,0,t,2012-06-04 19:38:43.889629,2012-06-04 19:52:34.543421
379,37691,gl-wm-esrf-phon-run8,,34.5,55.9,20120604171158-885-286,2,blue,1,blue,0,t,2012-06-04 19:39:30.614301,2012-06-04 19:52:27.772489
380,37692,gl-wm-esrf-gran-run11,,62.1,32.6,20120604170044-225-018,2,blue,1,blue,0,t,2012-06-04 19:41:39.53971,2012-06-04 19:53:15.460803
381,37692,gl-wm-esrf-gran-run10,,35.5,32.4,20120604170101-058-434,2,blue,1,blue,0,t,2012-06-04 19:42:45.714296,2012-06-04 19:53:35.902415
382,37692,gl-wm-esrf-gran-run11b,,37.2,49.1,20120604170115-577-158,2,blue,1,blue,0,t,2012-06-04 19:44:47.822838,2012-06-04 19:53:59.744591
383,37692,gl-wm-esrf-gran-run15,,63.3,50.1,20120604170128-988-768,2,blue,1,blue,0,t,2012-06-04 19:45:43.546099,2012-06-04 19:53:49.48147
384,37692,gl-wm-esrf-gran-run6b,,38,75,20120604170142-224-006,2,blue,1,blue,0,t,2012-06-04 19:46:30.649427,2012-06-04 19:54:18.23252
385,37692,gl-wm-esrf-gran-run21,,54.5,68.7,20120604170151-937-404,2,blue,1,blue,0,t,2012-06-04 19:47:34.487647,2012-06-04 19:54:08.528117
388,37774,ref-cpx-klb1,,75.3,25.2,20120607163121-480-523,2,blue,2,blue,0,,2012-06-07 16:53:18.11256,2012-06-07 16:53:18.11256
389,37774,ref-opx-klb1,,51.3,42.2,20120607163105-386-028,2,blue,2,blue,0,,2012-06-07 16:54:05.805911,2012-06-07 16:54:05.805911
390,37774,ref-ol-fo,,32.7,12.2,20120607163133-680-833,2,blue,2,blue,0,,2012-06-07 16:54:43.899571,2012-06-07 16:54:43.899571
391,37774,ref-ol-sc,,22.3,24.5,20120607163145-073-588,2,blue,2,blue,0,,2012-06-07 16:54:56.020108,2012-06-07 16:54:56.020108
392,37774,ref-ol-fk,,12.7,40.8,20120607163139-146-474,2,blue,2,blue,0,,2012-06-07 16:55:10.760403,2012-06-07 16:55:10.760403
393,37774,ref-gl-ab,,53,68.5,20120607163059-597-791,2,blue,2,blue,0,,2012-06-07 16:55:29.641018,2012-06-07 16:55:29.641018
394,37775,ref-ol-sc1,,71.7,38.8,20120607163813-962-611,2,blue,2,blue,0,,2012-06-07 16:57:20.319969,2012-06-07 16:57:20.319969
395,37775,ref-ol-sc2,,79.3,59.2,20120607164310-767-177,2,blue,2,blue,0,,2012-06-07 16:57:35.231866,2012-06-07 16:57:35.231866
396,37775,ref-ol-fk1,,54.7,29.2,20120607163832-539-752,2,blue,2,blue,0,,2012-06-07 16:57:49.767443,2012-06-07 16:57:49.767443
397,37775,ref-ol-fo1,,67.7,10.8,20120607163826-334-669,2,blue,2,blue,0,,2012-06-07 16:58:08.740219,2012-06-07 16:58:08.740219
398,37775,ref-ol-fa1,,31,45.8,20120607163837-366-950,2,blue,2,blue,0,,2012-06-07 16:58:28.067285,2012-06-07 16:58:28.067285
399,37775,ref-ol-fa2,,25,62.8,20120607164431-365-088,2,blue,2,blue,0,,2012-06-07 16:58:47.393132,2012-06-07 16:58:47.393132
400,37775,ref-ol-nwa6704,,50.3,55.8,20120607163819-010-681,2,blue,2,blue,0,,2012-06-07 16:59:07.786676,2012-06-07 16:59:07.786676
401,37775,ref-ol-ls1a,,72.3,56.8,20120607164026-439-430,2,blue,2,blue,0,,2012-06-07 16:59:31.744377,2012-06-07 16:59:31.744377
402,37784,ref-ol-fa1,,28,33.5,20120607163837-366-950,2,blue,5,blue,0,f,2012-06-08 08:16:10.375193,2013-09-17 11:01:28.633478
404,38078,chd-1,,51.6,45.3431182181611,20120705145152-391-328,2,blue,8,blue,0,f,2012-07-05 15:31:29.528727,2013-01-16 14:56:14.382761
405,38078,chd-2,,44.9,54.2431182181611,20120705145201-755-442,2,blue,8,blue,0,f,2012-07-05 15:31:48.681172,2013-01-16 14:57:17.896764
406,38078,chd-3,,41.8,46.0431182181611,20120705145208-622-013,2,blue,9,blue,0,f,2012-07-05 15:32:07.43358,2013-01-16 14:56:24.620107
407,38078,chd-4,,57.7,41.2431182181611,20120705145211-947-171,2,blue,8,blue,0,f,2012-07-05 15:32:30.248339,2013-01-16 14:56:34.490226
408,38078,chd-5,,57.2,52.2431182181611,20120705145216-327-719,2,blue,8,blue,0,f,2012-07-05 15:32:47.132384,2013-01-16 14:56:43.066028
409,38078,chd-6,,47.3,27.2431182181611,20120705145221-774-964,2,blue,8,blue,0,f,2012-07-05 15:33:35.094999,2013-01-16 14:56:52.828711
410,38078,chd-7,,52.3,60.6431182181611,20120705145225-313-609,2,blue,8,blue,0,f,2012-07-05 15:33:52.540268,2013-01-16 14:57:01.742314
411,38078,chd-8,,63.1,46.4431182181611,20120705145230-752-517,2,blue,8,blue,0,f,2012-07-05 15:34:07.150332,2013-01-16 14:57:09.265249
412,38111,chd-1,,54.6,44.8230769230769,20120705145152-391-328,2,blue,8,blue,0,f,2012-07-06 10:27:37.971488,2013-01-16 14:57:50.398174
413,38111,chd-2,,46.7,59.8230769230769,20120705145201-755-442,2,blue,2,blue,0,f,2012-07-06 10:28:02.981286,2012-12-28 19:02:02.094462
414,38111,chd-3,,42.1,46.2,20120705145208-622-013,2,blue,8,blue,0,f,2012-07-06 10:28:22.930371,2013-01-16 14:57:59.479293
415,38111,chd-4,,66,40.1230769230769,20120705145211-947-171,2,blue,8,blue,0,f,2012-07-06 10:28:43.201117,2013-01-16 14:58:08.8031
416,38111,chd-5,,62.7,55.4230769230769,20120705145216-327-719,2,blue,8,blue,0,f,2012-07-06 10:28:54.955613,2013-01-16 14:58:17.277102
417,38111,chd-6,,49.1,16.6230769230769,20120705145221-774-964,2,blue,8,blue,0,f,2012-07-06 10:29:09.671766,2013-01-16 14:58:25.262005
418,38111,chd-7,,56.4,68.4230769230769,20120705145225-313-609,2,blue,8,blue,0,f,2012-07-06 10:29:25.491999,2013-01-16 14:58:32.632028
419,38111,chd-8,,72.6,47.4230769230769,20120705145230-752-517,2,blue,8,blue,0,f,2012-07-06 10:29:39.767622,2013-01-16 14:58:42.78088
423,35777,coke,,85.9,56.5,"",2,red,2,blue,0,f,2012-12-17 17:27:54.860199,2012-12-17 17:28:16.955622
424,35777,bottle,,91,49,"",2,blue,2,blue,0,f,2012-12-17 17:28:42.900405,2012-12-17 17:28:42.900405
425,39258,no target,,47,40.9970274523518,"",2,blue,2,blue,0,,2012-12-19 08:47:22.638607,2012-12-19 08:47:22.638607
426,39258,no target,,58.9,45.1970274523518,"",2,blue,2,blue,0,f,2012-12-20 08:45:39.151906,2012-12-20 08:48:36.908023
436,33686,untitled point 1,,50,37.5,20110609170901-606-781,2,blue,2,blue,0,f,2012-12-27 08:47:44.23458,2012-12-27 08:48:33.354848
437,37827,Gujba A-1-2-2-2,,75.7,37.6333333333333,"",2,blue,2,blue,0,f,2012-12-28 09:05:29.592622,2012-12-28 09:06:43.993531
443,38111,sc15,,42.7,64.4230769230769,"",2,blue,2,blue,0,f,2012-12-28 16:24:55.985077,2012-12-28 19:00:44.140276
444,38111,sc14,,48.6,74.8230769230769,"",2,blue,2,blue,0,f,2012-12-28 16:41:48.503695,2012-12-28 18:57:17.70192
445,38111,sc13,,59.8,74.7230769230769,"",2,blue,2,blue,0,f,2012-12-28 16:42:36.275856,2012-12-28 18:28:51.930429
446,38111,sc23,,44.7,95.1230769230769,"",2,blue,2,blue,0,f,2012-12-28 16:46:53.92177,2012-12-28 16:47:11.469317
447,38111,sc22,,96,66.7230769230769,"",2,blue,2,blue,0,f,2012-12-28 16:47:34.346781,2012-12-28 16:53:02.350132
449,39399,untitled point 1,,50,33.3333333333333,"",2,blue,2,blue,0,,2013-01-04 08:50:19.766428,2013-01-04 08:50:19.766428
450,39399,A-1-3-4-1,,50.7,14.0333333333333,"",2,blue,2,blue,0,f,2013-01-04 08:50:39.965252,2013-01-04 08:50:39.965252
451,39400,untitled point 1,,50,33.3333333333333,"",2,blue,2,blue,0,,2013-01-04 08:58:04.146165,2013-01-04 08:58:04.146165
452,39400,A-1-3-4-2,,65.8,39.6333333333333,"",2,blue,2,blue,0,f,2013-01-04 08:58:23.523612,2013-01-04 08:58:23.523612
458,37834,A-1-4-2-2,,67,31.6333333333333,"",2,blue,2,blue,0,f,2013-01-07 09:13:56.332358,2013-01-07 09:13:56.332358
459,39402,untitled point 1,,50,33.3333333333333,"",2,blue,2,blue,0,,2013-01-07 09:19:18.799092,2013-01-07 09:19:18.799092
460,39402,A-1-4-3-2,,70.7,23.0333333333333,"",2,blue,2,blue,0,f,2013-01-07 09:19:49.717467,2013-01-07 09:19:49.717467
461,31636,gl-NIST-610,,27.7,25.3430288461538,20090318093433148.hkitagawa,2,white,2,red,1,t,2013-01-08 07:57:45.377493,2013-01-17 21:42:28.305825
462,31636,gl-NIST-612,,28,65.9430288461539,20090318093518953.hkitagawa,2,red,0,white,1,t,2013-01-08 07:58:18.163985,2013-01-17 21:42:46.404408
463,31636,gl-NIST-614,,73.3,59.6430288461538,20090318093552779.hkitagawa,2,red,2,green,1,t,2013-01-08 07:58:46.517495,2013-01-17 21:43:00.544402
464,31636,gl-NIST-616,,68.3,24.3430288461538,20090318093652380.hkitagawa,2,red,4,blue,1,t,2013-01-08 07:59:55.905212,2013-01-08 08:25:29.180195
465,12064,gl-NIST-610,,34.7,34.3451327433628,20090318093433148.hkitagawa,2,blue,10,blue,0,f,2013-01-08 08:02:00.939539,2013-01-28 08:48:44.14566
466,12064,gl-NIST-612,,40,59.3451327433628,20090318093518953.hkitagawa,2,blue,2,blue,0,,2013-01-08 08:02:14.438758,2013-01-08 08:02:14.438758
467,12064,gl-NIST-616,,64.7,31.6451327433628,20090318093652380.hkitagawa,2,blue,2,blue,0,,2013-01-08 08:02:31.210894,2013-01-08 08:02:31.210894
468,12064,gl-NIST-614,,64,54.6451327433628,20090318093552779.hkitagawa,2,blue,2,blue,0,,2013-01-08 08:02:45.429574,2013-01-08 08:02:45.429574
469,39595,untitled point 1,,50,50,"",2,blue,2,blue,0,,2013-01-15 08:47:28.563766,2013-01-15 08:47:28.563766
470,39595,untitled point 1,,55.6,45.8,"",2,blue,2,blue,0,f,2013-01-15 08:48:14.845152,2013-01-15 08:48:14.845152
473,39748,slice 1,,27.3,40.5,20120224090706-479-109,5,blue,15,blue,0,f,2013-01-17 21:13:27.556768,2013-01-23 17:44:00.40395
474,39748,slice 3,,62.8,34.3,20120224090741-261-366,5,blue,15,blue,0,f,2013-01-17 21:14:25.269952,2013-01-23 17:43:37.0375
475,39760,Gujba A-1-4-1ms,,57.7,36.7333333333333,20130118093551-135-779,5,red,15,blue,0,f,2013-01-18 16:16:43.397185,2013-01-18 23:17:31.143497
476,39760,Gujba A-1-2-1-f,,43.2,21.1333333333333,20120613095208-653-979,5,red,15,blue,0,f,2013-01-18 16:17:20.29986,2013-01-18 23:17:14.406594
477,39752,Gujba A-1-4-2-1,,53.6,40.5333333333333,20120613095154-472-447,5,red,15,blue,0,f,2013-01-18 22:57:38.974444,2013-01-18 23:05:03.465055
478,39752,Gujba A-1-4-3-1,,51.7,16.8333333333333,20130107090839-196-654,8,red,15,blue,0,f,2013-01-18 23:00:12.91513,2013-01-18 23:04:21.091844
479,39401,Gujba A-1-4-3-1,,51.2,18.0333333333333,20130107090839-196-654,5,red,15,blue,0,f,2013-01-18 23:06:49.432663,2013-01-18 23:09:32.763511
480,39401,Gujba A-1-4-2-1,,52.3,40.3333333333333,20120613095154-472-447,5,red,15,blue,0,f,2013-01-18 23:07:39.192394,2013-01-18 23:09:54.655952
481,10543,ref-ol-fa2,,35.8,61,20090130121933-001,5,blue,15,blue,0,f,2013-01-22 15:05:43.092051,2013-02-09 00:38:17.223545
482,10543,ref-ol-sc2,,63.4,56.4,20110324170424-678-725,5,blue,15,blue,0,f,2013-01-22 15:06:09.222468,2013-02-09 00:37:07.44418
483,10543,ref-ol-fo2,,44,38.9,20110324170416-891-622,5,blue,15,blue,0,f,2013-01-22 15:06:34.733969,2013-02-09 00:37:50.615375
484,39748,en-px-E002-b,,45.3,35.5,20110514185257-135-219,5,blue,15,blue,0,f,2013-02-07 08:09:47.720135,2013-02-07 08:10:40.313368
490,39885,gl-YRML10-2,,44.8179487179487,51.6,20130225144222-793-088,2,blue,2,blue,0,f,2013-02-25 15:31:14.844891,2013-02-25 15:35:30.694995
492,39885,A4,,42.9179487179487,29.5,20130225144128-955-485,2,blue,2,blue,0,,2013-02-28 14:21:09.460214,2013-02-28 14:21:09.460214
493,40549,ref-cpx-klb1,,35.2,59.3,20131210162626-971487,3,red,2,red,0,f,2013-05-09 09:47:46.259826,2013-12-10 16:45:46.452725
496,40549,ref-opx-klb1,,46,25,20131210162946-487953,7,white,3,white,0,f,2013-05-09 09:49:45.296687,2013-12-10 16:46:06.986804
497,40549,ref-opx-klb1,,57.7,35.3,20131210162946-487953,4,white,3,white,0,f,2013-05-09 09:49:50.681711,2013-12-10 16:46:11.530849
498,40549,ref-ol-klb1,,61.7,60.3,20131210162508-147655,5,blue,2,blue,0,f,2013-05-09 09:49:56.36296,2013-12-10 16:45:29.405055
499,40549,ref-ol-klb1,,54.3,68.3,20131210162508-147655,5,blue,2,blue,0,f,2013-05-09 09:50:00.445854,2013-12-10 16:45:07.712381
500,40888,1,,51.7,35.8840336134454,20130612154011-552193,2,blue,2,blue,0,f,2013-06-12 16:34:04.482125,2013-06-13 08:17:01.633941
501,40888,2,,36,19.5840336134454,20130612154248-178305,2,blue,2,blue,0,f,2013-06-12 16:34:25.994952,2013-06-13 08:18:15.277758
504,40888,3,,56.3,14.8840336134454,20130612154418-743797,2,blue,2,blue,0,,2013-06-13 16:55:55.343282,2013-06-13 16:55:55.343282
505,40950,ref-tro-CDT,,61.3774676650783,38,20130529150922-792324,4,blue,10,blue,0,f,2013-06-17 17:46:31.511324,2013-06-17 17:50:16.501527
506,40950,ref-ol-SC,,28.3774676650783,60.2,20130529151017-387776,4,blue,10,blue,0,f,2013-06-17 17:46:58.761096,2013-06-17 17:52:20.61596
510,41132,ref-ap-sonora-1,,39,30.1739495798319,20130628144543-905381,5,red,2,blue,0,f,2013-06-28 15:19:52.232587,2013-06-28 15:25:49.899423
511,41132,ref-ap-sonora-2,,56.3,31.8739495798319,20130628144543-905381,5,red,2,blue,0,f,2013-06-28 15:20:35.822686,2013-06-28 15:26:06.975135
512,41132,ref-ap-durango-2,,39,57.8739495798319,20130628144453-349172,5,blue,2,blue,0,f,2013-06-28 15:21:01.677444,2013-06-28 15:25:35.624538
513,41132,ref-ap-durango-1,,60.7,57.5739495798319,20130628144453-349172,5,blue,2,blue,0,f,2013-06-28 15:21:34.152835,2013-06-28 15:25:11.517099
514,41134,ref-cpx-sae116,,49.452401010952,50,20130628151316-747092,5,red,2,blue,0,f,2013-06-28 15:27:24.516453,2013-06-28 15:30:32.796402
515,41134,ref-cpx-sae113,,63.952401010952,52.6,20130628150708-812304,5,red,2,blue,0,f,2013-06-28 15:27:58.362691,2013-06-28 15:31:05.703901
516,41134,ref-cpx-sae152,,55.352401010952,60.9,20130628150906-461645,5,red,2,blue,0,f,2013-06-28 15:28:25.131205,2013-06-28 15:31:21.824292
517,41134,ref-cpx-sax39,,41.852401010952,61.2,20130628150759-626481,5,red,2,blue,0,f,2013-06-28 15:28:42.883699,2013-06-28 15:31:36.595608
518,41134,ref-grt-sae113,,32.952401010952,47.4,20130628145331-262208,5,blue,2,blue,0,f,2013-06-28 15:29:31.001649,2013-06-28 15:31:52.960561
519,41134,ref-grt-hk5206701d,,42.852401010952,37.5,20130628150457-492044,5,blue,2,blue,0,f,2013-06-28 15:29:52.806194,2013-06-28 15:32:13.992367
520,41134,ref-grt-rvsa4,,58.052401010952,39.1,20130628145302-498116,5,blue,2,blue,0,f,2013-06-28 15:30:10.055283,2013-06-28 15:32:03.95667
527,41533,14,,47.7,10.9318066157761,20130821144203-789659,2,blue,2,blue,0,f,2013-08-21 14:42:22.255994,2013-08-22 11:59:28.29714
528,41533,16,,67.768161329396,23.5608375103895,20130821144754-937028,2,blue,2,blue,0,,2013-08-21 14:48:12.577008,2013-08-22 11:59:28.273075
529,41533,17,,57.7347165133425,28.5106702863092,20130821144954-242186,2,blue,2,blue,0,,2013-08-21 14:50:11.498611,2013-08-22 11:59:28.305462
530,41533,12,,72.3835459447806,58.4772254702557,20130821145029-767328,2,blue,2,blue,0,,2013-08-21 14:50:47.596299,2013-08-22 11:59:28.316484
531,41533,13,,80.6778603260515,53.7949512227641,20130821145311-377036,2,blue,2,blue,0,,2013-08-21 14:53:30.222617,2013-08-22 11:59:28.328315
532,41533,9,,24.3567900919378,21.5541485471788,20130821145404-277067,2,blue,2,blue,0,,2013-08-21 14:54:20.864476,2013-08-22 11:59:28.338682
533,41533,15,,41.6143151755498,22.9588308214263,20130821145545-424564,2,blue,2,blue,0,,2013-08-21 14:56:03.327118,2013-08-22 11:59:28.346924
534,41533,18,,33.2531111621719,44.6979612562089,20130821145704-053155,2,blue,2,blue,0,,2013-08-21 14:57:21.345999,2013-08-22 11:59:28.35565
535,41533,19,,28.7046161788943,45.7013057378142,20130821145727-171778,2,blue,2,blue,0,,2013-08-21 14:57:46.047692,2013-08-22 11:59:28.3637
536,41533,4,,32.4396096034599,34.657775329757,20130821152533-648164,2,blue,2,blue,0,,2013-08-21 15:25:51.636004,2013-08-22 11:59:28.372052
537,41533,1,,47.021810138729,45.2125109552852,20130821152852-741344,2,blue,2,blue,0,,2013-08-21 15:29:10.415674,2013-08-22 11:59:28.380466
538,41533,2,,48.8272254430957,47.9900729620031,20130821153943-716675,2,blue,2,blue,0,,2013-08-21 15:40:00.859198,2013-08-22 11:59:28.388868
539,41533,3,,50.5632016972944,32.4357257243827,20130821154712-314503,2,blue,2,blue,0,,2013-08-21 15:47:30.312732,2013-08-22 11:59:28.397213
540,41533,5,,17.0935795163433,44.3098033031019,20130821155728-831865,2,blue,2,blue,0,,2013-08-21 15:57:44.336058,2013-08-22 11:59:28.405451
541,41533,6,,16.463813503309,43.4939478782824,20130821193049-330197,2,blue,2,blue,0,,2013-08-21 19:31:06.86917,2013-08-22 11:59:28.413824
542,41533,7,,31.7815392558174,38.9454528950049,20130821193113-684494,2,blue,2,blue,0,,2013-08-21 19:31:33.581238,2013-08-22 11:59:28.421968
543,41533,10,,25.2263553093291,20.7514729618945,20130821193422-344411,2,blue,2,blue,0,,2013-08-21 19:34:40.724138,2013-08-22 11:59:28.430418
544,41533,8,,24.3567900919378,36.7380950354731,20130821194116-216003,2,blue,2,blue,0,,2013-08-21 19:41:33.984153,2013-08-22 11:59:28.438811
545,41533,11,,51.9822081521384,20.0156870087172,20130821194224-907355,2,blue,2,blue,0,,2013-08-21 19:42:41.379483,2013-08-22 11:59:28.446981
546,41533,14,,47.701271697289,10.9186970421621,20130822111922-713161,2,blue,2,blue,0,,2013-08-22 11:19:41.870748,2013-08-22 11:19:41.870748
548,37784,ref-ol-nwa6704,,77.3,36.8,20120607163819-010-681,2,blue,2,blue,0,,2013-09-17 10:57:32.718538,2013-09-17 10:57:32.718538
549,37784,ref-ol-fa2,,36.6,32.2,20120607164431-365-088,2,blue,5,blue,0,f,2013-09-17 10:58:22.903391,2013-09-17 11:01:44.422615
550,37784,ref-ol-nwa6704,,49.7,52.2,20120607163819-010-681,2,blue,2,blue,0,,2013-09-17 10:58:44.924617,2013-09-17 10:58:44.924617
551,37784,ref-ol-ls1a,,72.4,57.9,20120607164026-439-430,2,blue,2,blue,0,,2013-09-17 10:59:16.164902,2013-09-17 10:59:16.164902
552,37784,ref-ol-sc2,,81.1,63.2,20120607164310-767-177,2,blue,2,blue,0,,2013-09-17 10:59:37.739067,2013-09-17 10:59:37.739067
553,37784,ref-ol-fo1,,79.3,5.6,20120607163826-334-669,2,blue,2,blue,0,,2013-09-17 11:00:00.972498,2013-09-17 11:00:00.972498
554,37784,ref-ol-fk1,,59.9,22.8,20120607163832-539-752,2,blue,2,blue,0,,2013-09-17 11:00:20.207203,2013-09-17 11:00:20.207203
563,41672,ref-ol-sc2,,50.7,36.3,20130918105559-315419,2,blue,10,blue,0,f,2013-09-18 15:52:02.863963,2013-10-17 15:08:19.968012
564,41672,ref-ol-sc3,,84.7,68,20130918105614-583937,2,blue,10,blue,0,f,2013-09-18 15:52:21.227434,2013-10-17 15:09:28.121515
565,41672,ref-ol-sc1,,17.7,7,20130918105538-396033,2,blue,10,blue,0,f,2013-09-18 15:53:14.270483,2013-10-17 15:09:15.516886
566,41672,ref-cpx-sax33,,51,3.3,20130918110713-449837,2,blue,10,blue,0,f,2013-09-18 15:53:41.107127,2013-10-17 15:09:02.845646
567,41672,ref-cpx-di-tz1001,,79.7,8.3,20130918110306-833285,2,blue,10,blue,0,f,2013-09-18 15:54:07.560205,2013-10-17 15:08:46.123371
568,41672,ref-cpx-klb1,,75.7,38,20130918104525-883523,2,blue,10,blue,0,f,2013-09-18 15:54:23.593387,2013-10-17 15:08:35.251279
569,41672,ref-opx-klb1,,50,68.7,20130918104949-674193,2,blue,10,blue,0,f,2013-09-18 15:54:42.686563,2013-10-17 15:09:58.1516
570,41672,ref-opx-tz1001,,24.3,34,20130918111213-651759,2,blue,10,blue,0,f,2013-09-18 15:55:04.053972,2013-10-17 15:09:45.841421
571,41672,ref-cpx-wollastonite-gifu,,20.3,67.3,20130918110534-364045,2,blue,10,blue,0,f,2013-09-18 15:55:21.945177,2013-10-17 15:10:12.257508
572,41683,ref-pl-alb21245 duplicate,,69.3,39.0190490892251,20130920161437-739526,2,blue,2,blue,0,,2013-09-20 16:17:14.84481,2013-09-20 16:17:14.84481
573,41683,ref-pl-lab duplicate,,53.7,21.4190490892251,20130920160313-720328,2,blue,2,blue,0,,2013-09-20 16:17:43.219007,2013-09-20 16:17:43.219007
574,41683,ref-fsp-anorthoclase duplicate,,36.3,19.0190490892251,20130920161405-861179,2,blue,2,blue,0,,2013-09-20 16:18:05.913863,2013-09-20 16:18:05.913863
575,41683,gl-ab100 duplicate,,27,38.0190490892251,20130920161151-226916,2,blue,2,blue,0,,2013-09-20 16:18:21.354057,2013-09-20 16:18:21.354057
576,41683,gl-an25ab75 duplicate,,38.7,57.4190490892251,20130920160732-956525,2,blue,2,blue,0,,2013-09-20 16:18:36.039839,2013-09-20 16:18:36.039839
577,41683,gl-an50ab50 duplicate,,57,53.4190490892251,20130920160918-265594,2,blue,2,blue,0,,2013-09-20 16:18:57.69163,2013-09-20 16:18:57.69163
578,41683,ref-ol-sc-1mm-dice,,47.3,38.7190490892251,20130920161937-381878,2,blue,2,blue,0,,2013-09-20 16:20:04.760786,2013-09-20 16:20:04.760786
579,41704,tour-STD-5,,57.3,68.7,20101021094602833.hkitagawa,2,white,2,blue,0,f,2013-09-30 14:22:54.347647,2013-10-01 09:31:52.520124
580,41704,tour-STD-2,,26.3,65.7,20101021094602903.hkitagawa,2,white,2,blue,0,f,2013-09-30 14:24:38.463352,2013-10-01 09:33:07.93639
581,41704,tour-STD-4,,28.3,43,20101021094602557.hkitagawa,2,blue,2,blue,0,f,2013-09-30 14:26:58.794419,2013-09-30 14:28:19.147238
582,41704,tour-STD-3,,40.3,25,20101021094602758.hkitagawa,2,blue,2,blue,0,f,2013-09-30 14:27:26.737274,2013-09-30 14:28:09.249584
583,41704,tour-ishikawa,,68.7,43.7,"",2,white,2,blue,0,f,2013-10-07 13:09:34.320087,2013-10-07 13:10:15.592652
592,41133,ref-cpx1-klb1,,44.6052676295667,38.5,20131008171357-679859,2,blue,2,blue,0,f,2013-10-08 17:20:02.464184,2013-10-08 17:28:47.61296
593,41133,ref-cpx2-klb1,,54.0052676295667,38.8,20131008171523-974300,2,blue,2,blue,0,f,2013-10-08 17:21:42.983836,2013-10-08 17:31:18.678305
594,41133,ref-cpx3-klb1,,61.1052676295667,38.7,20131008171628-246063,2,blue,2,blue,0,f,2013-10-08 17:22:01.659057,2013-10-08 17:31:34.017781
595,41133,ref-cpx4-klb1,,40.8052676295667,45.7,20131008171730-964294,2,blue,2,blue,0,f,2013-10-08 17:22:24.676476,2013-10-08 17:31:48.292195
596,41133,ref-cpx5-klb1,,49.6052676295667,46.1,20131008171816-588336,2,blue,2,blue,0,f,2013-10-08 17:22:42.328663,2013-10-08 17:32:01.456329
597,41133,ref-cpx6-klb1,,58.5052676295667,46,20131008171846-511940,2,blue,2,blue,0,f,2013-10-08 17:22:58.778345,2013-10-08 17:32:13.253556
598,41133,ref-cpx7-klb1,,67.2052676295667,46,20131008171911-090442,2,blue,2,blue,0,f,2013-10-08 17:23:17.241391,2013-10-08 17:32:27.611799
599,41738,ref-ol-fa duplicate,,79,30.0625,20131008163510-482539,2,blue,2,blue,0,,2013-10-08 17:24:10.61985,2013-10-08 17:24:10.61985
600,41738,NWA 6704 (b) olivine duplicate,,86,61.7625,20131008163501-472771,2,blue,2,blue,0,,2013-10-08 17:24:41.378647,2013-10-08 17:24:41.378647
601,41738,LS1-A_olivine duplicate,,45.7,73.3625,20131008163452-344532,2,blue,2,blue,0,,2013-10-08 17:25:06.311646,2013-10-08 17:25:06.311646
602,41738,ref-ol-fo duplicate,,22.7,52.3625,20131008163443-611714,2,blue,2,blue,0,,2013-10-08 17:26:14.076305,2013-10-08 17:26:14.076305
603,41738,ref-ol-AY duplicate,,22.7,16.0625,20131008163425-024662,2,blue,2,blue,0,,2013-10-08 17:26:31.688057,2013-10-08 17:26:31.688057
604,41738,ref-ol-sc-1mm-dice duplicate,,52.3,11.3625,20131008163434-838680,2,blue,2,blue,0,,2013-10-08 17:26:52.137426,2013-10-08 17:26:52.137426
605,41738,ref-ol-sc-1mm-dice,,50.7,46.0625,20131008172728-552716,2,blue,2,blue,0,f,2013-10-08 17:28:21.203322,2013-10-08 17:29:02.457835
606,41737,ref-ol-sc-1mm-dice,,50.7,42.7731585518102,20131008173006-166929,2,blue,2,blue,0,,2013-10-08 17:32:01.729369,2013-10-08 17:32:01.729369
607,41737,ref-ol-fa duplicate,,81,31.7731585518102,20131008173412-476074,2,blue,2,blue,0,,2013-10-08 17:36:35.498964,2013-10-08 17:36:35.498964
608,41737,NWA 6704 (b) olivine duplicate,,70,62.4731585518102,20131008163310-523673,2,blue,2,blue,0,,2013-10-08 17:36:53.264384,2013-10-08 17:36:53.264384
609,41737,LS1-A-olivine duplicate,,46.7,70.7731585518102,20131008163259-870680,2,blue,2,blue,0,,2013-10-08 17:37:15.522588,2013-10-08 17:37:15.522588
610,41737,ref-ol-fo duplicate,,16,53.4731585518102,20131008163248-606649,2,blue,2,blue,0,,2013-10-08 17:37:37.481779,2013-10-08 17:37:37.481779
611,41737,ref-ol-AY duplicate,,25,25.1731585518102,20131008163221-145210,2,blue,2,blue,0,,2013-10-08 17:37:56.894632,2013-10-08 17:37:56.894632
612,41737,ref-ol-sc-1mm-dice duplicate,,47.3,10.4731585518102,20131008163239-342145,2,blue,2,blue,0,,2013-10-08 17:38:15.819142,2013-10-08 17:38:15.819142
613,41133,ref-opx1-klb1,,38.2052676295667,56.6,20131008173314-006242,2,red,2,blue,0,f,2013-10-08 17:38:52.914242,2013-10-08 17:44:00.736535
614,41133,ref-opx2-klb1,,48.2052676295667,56.1,20131008173352-275746,2,red,2,blue,0,f,2013-10-08 17:39:50.991871,2013-10-08 17:44:14.045187
615,41133,ref-opx3-klb1,,55.3052676295667,56.6,20131008173421-898125,2,red,2,blue,0,f,2013-10-08 17:40:26.716896,2013-10-08 17:44:30.772457
616,41133,ref-opx4-klb1,,65.0052676295667,55.7,20131008173431-980560,2,red,2,blue,0,f,2013-10-08 17:40:55.327096,2013-10-08 17:44:43.479603
617,41133,ref-opx5-klb1,,48.0052676295667,65.2,20131008173441-109442,2,red,2,blue,0,f,2013-10-08 17:41:30.107267,2013-10-08 17:43:14.181629
619,41133,ref-opx6-klb1,,59.5052676295667,64.6,20131008173450-140077,2,red,2,blue,0,f,2013-10-08 17:42:35.793973,2013-10-08 17:43:40.953233
620,41827,ref-ol-fa,,80,41.6239436619718,20131016182116-039897,2,blue,10,blue,0,f,2013-10-16 18:30:43.665831,2013-10-16 18:31:27.525847
621,41827,NWA 6704 (b) olivine,,64,68.6239436619718,20131016182134-754279,2,blue,10,blue,0,f,2013-10-16 18:33:06.370512,2013-10-16 18:36:31.608105
622,41827,LS1-A-olivine,,37,75.3239436619718,20131016182128-602583,2,blue,10,blue,0,f,2013-10-16 18:33:31.520764,2013-10-16 18:37:09.020738
623,41827,ref-ol-fo,,11.3,41.0239436619718,20131016182140-574209,2,blue,10,blue,0,f,2013-10-16 18:33:49.228151,2013-10-16 18:37:21.972779
624,41827,ref-ol-AY,,32,15.0239436619718,20131016182152-304801,2,blue,10,blue,0,f,2013-10-16 18:34:26.493818,2013-10-16 18:37:41.348816
625,41827,ref-ol-sc-1mm-dice duplicate,,60.7,16.3239436619718,20131016182122-247823,2,blue,10,blue,0,f,2013-10-16 18:35:02.864489,2013-10-16 18:37:55.741202
627,41827,ref-ol-sc-1mm-dice,,46.7,43.6239436619718,20131016182146-765644,2,blue,10,blue,0,f,2013-10-17 09:13:24.384761,2013-10-17 09:13:35.36589
628,41846,ref-ol-sc-1mm-dice,,48.3,42.9767891682785,20131017174024-514261,2,blue,10,blue,0,f,2013-10-17 17:50:12.775113,2013-10-17 17:52:58.159175
629,41846,ref-ol-fa,,81,45.2767891682785,20131017174018-696178,2,blue,10,blue,0,f,2013-10-17 17:50:31.355985,2013-10-17 17:53:32.111956
630,41846,NWA 6704 (b) olivine,,65.7,71.6767891682785,20131017174035-891484,2,blue,10,blue,0,f,2013-10-17 17:50:57.590396,2013-10-17 17:53:10.875251
631,41846,LS1-A-olivine,,36.7,73.6767891682785,20131017174030-073059,2,blue,10,blue,0,f,2013-10-17 17:51:12.90489,2013-10-17 17:53:22.198199
632,41846,ref-ol-fo,,19.3,48.2767891682785,20131017174041-255472,2,blue,10,blue,0,f,2013-10-17 17:51:28.065914,2013-10-17 17:54:02.725594
634,41846,ref-ol-AY,,31.7,19.6767891682785,20131017174056-432818,2,blue,10,blue,0,f,2013-10-17 17:52:15.667658,2013-10-17 17:53:42.421504
635,41846,ref-ol-sc-1mm-dice duplicate,,66.3,16.6767891682785,20131017174047-204035,2,blue,10,blue,0,f,2013-10-17 17:52:32.305486,2013-10-17 17:52:43.288185
646,41945,deleteme,,66,24.6214285714286,deleteme,2,blue,14,blue,0,,2013-10-25 14:15:41.356946,2013-10-25 14:15:41.356946
647,41945,shimaki,,9.3,23.3214285714286,shimaki,2,blue,14,blue,0,,2013-10-25 14:18:36.045765,2013-10-25 14:18:36.045765
648,41945,2013-oct,,15.3,42.6214285714286,20131025085013-085068,2,blue,14,blue,0,,2013-10-25 14:20:30.032405,2013-10-25 14:20:30.032405
649,41951,ALL01-c2-1-AfterSIMS-C11c-Spectrum 1,,26.6849548694351,14.9061187714189,20131029175022-564384,2,blue,13.66,blue,0,,2013-10-29 17:50:31.815646,2013-10-29 17:50:31.815646
650,41951,ALL01-c2-1-AfterSIMS-C11c-Spectrum 2,,63.7179219024022,47.4335912988915,20131029175032-605641,2,blue,13.66,blue,0,,2013-10-29 17:50:41.480568,2013-10-29 17:50:41.480568
651,41952,1746,,80.1807929343842,35.2742393695015,20131029185124-127430,2,blue,10.24,blue,0,,2013-10-29 18:51:35.375537,2013-10-29 18:51:35.375537
652,41953,1746,,76.3684762188417,45.8314241202346,20131029185136-487017,2,blue,10.24,blue,0,,2013-10-29 18:51:45.48444,2013-10-29 18:51:45.48444
653,41954,1746,,31.3538134622434,31.4619226539589,20131029185146-058037,2,blue,10.24,blue,0,,2013-10-29 18:51:52.579938,2013-10-29 18:51:52.579938
654,41955,1746,,36.9256609695748,48.0308376099707,20131029185153-437253,2,blue,10.24,blue,0,,2013-10-29 18:51:59.650657,2013-10-29 18:51:59.650657
655,41956,1746,,80.1807929343842,35.2742393695015,20131029190256-367331,2,blue,10.24,blue,0,,2013-10-29 19:03:05.723355,2013-10-29 19:03:05.723355
656,41957,1746,,76.515103784824,46.711189516129,20131029190306-620552,2,blue,10.24,blue,0,,2013-10-29 19:03:16.778555,2013-10-29 19:03:16.778555
657,41958,1746,,31.6470685942082,31.6085502199413,20131029190317-247650,2,blue,10.24,blue,0,,2013-10-29 19:03:24.546936,2013-10-29 19:03:24.546936
658,41959,1746,,36.7790334035924,48.1774651759531,20131029190325-742811,2,blue,10.24,blue,0,,2013-10-29 19:03:31.359581,2013-10-29 19:03:31.359581
659,41960,1746,,80.1807929343842,35.2742393695015,20131030093732-426457,2,blue,10.24,blue,0,,2013-10-30 09:37:42.638841,2013-10-30 09:37:42.638841
660,41961,1746,,76.515103784824,46.1246792521994,20131030093743-605768,2,blue,10.24,blue,0,,2013-10-30 09:37:54.578096,2013-10-30 09:37:54.578096
661,41962,1746,,31.207185896261,31.4619226539589,20131030093755-124674,2,blue,10.24,blue,0,,2013-10-30 09:38:01.931043,2013-10-30 09:38:01.931043
662,41963,1746,,36.63240583761,48.0308376099707,20131030093803-846491,2,blue,10.24,blue,0,,2013-10-30 09:38:09.726974,2013-10-30 09:38:09.726974
663,41964,1746,,80.0341653684018,34.9809842375367,20131030105216-358873,2,blue,10.24,blue,0,,2013-10-30 10:52:25.187395,2013-10-30 10:52:25.187395
664,41965,1746,,76.515103784824,46.1246792521994,20131030105226-279088,2,blue,10.24,blue,0,,2013-10-30 10:52:36.665966,2013-10-30 10:52:36.665966
665,41966,1746,,31.5004410282258,31.6085502199413,20131030105237-631188,2,blue,10.24,blue,0,,2013-10-30 10:52:44.347354,2013-10-30 10:52:44.347354
666,41967,1746,,36.4857782716276,47.8842100439883,20131030105248-108389,2,blue,10.24,blue,0,,2013-10-30 10:52:54.692074,2013-10-30 10:52:54.692074
667,41968,1746,,80.0341653684018,35.2742393695015,20131030110032-436238,2,blue,10.24,blue,0,,2013-10-30 11:00:41.781144,2013-10-30 11:00:41.781144
668,41969,1746,,76.3684762188417,46.1246792521994,20131030110042-093248,2,blue,10.24,blue,0,,2013-10-30 11:00:53.075874,2013-10-30 11:00:53.075874
669,41970,1746,,31.0605583302786,31.4619226539589,20131030110054-452927,2,blue,10.24,blue,0,,2013-10-30 11:00:59.880678,2013-10-30 11:00:59.880678
670,41971,1746,,36.7790334035924,48.1774651759531,20131030110100-411456,2,blue,10.24,blue,0,,2013-10-30 11:01:06.320401,2013-10-30 11:01:06.320401
675,41973,1746,,80.7673031983138,35.7141220674487,20131030141620-022363,2,blue,10.24,blue,0,,2013-10-30 14:16:30.873454,2013-10-30 14:16:30.873454
676,41973,1746,,76.8083589167889,47.2976997800587,20131030141631-130964,2,blue,10.24,blue,0,,2013-10-30 14:16:40.790389,2013-10-30 14:16:40.790389
677,41973,1746,,31.6470685942082,32.0484329178886,20131030141642-567442,2,blue,10.24,blue,0,,2013-10-30 14:16:47.372507,2013-10-30 14:16:47.372507
678,41973,1746,,37.2189161015396,48.7639754398827,20131030141648-789541,2,blue,10.24,blue,0,,2013-10-30 14:16:54.044832,2013-10-30 14:16:54.044832
680,41975,101,,42.5,13.046875,20131030170553-953177,2,blue,12.8,blue,0,,2013-10-30 17:06:00.083469,2013-10-30 17:06:00.083469
681,41975,102,,45.390625,20.546875,20131030170600-230817,2,blue,12.8,blue,0,,2013-10-30 17:06:04.629315,2013-10-30 17:06:04.629315
682,41975,103,,52.109375,29.140625,20131030170605-783369,2,blue,12.8,blue,0,,2013-10-30 17:06:09.630527,2013-10-30 17:06:09.630527
683,41975,104,,51.171875,37.578125,20131030170610-702803,2,blue,12.8,blue,0,,2013-10-30 17:06:15.467948,2013-10-30 17:06:15.467948
684,41975,105,,50,45.15625,20131030170616-320312,2,blue,12.8,blue,0,,2013-10-30 17:06:20.350923,2013-10-30 17:06:20.350923
685,41975,106,,49.21875,52.8125,20131030170621-509159,2,blue,12.8,blue,0,,2013-10-30 17:06:25.340716,2013-10-30 17:06:25.340716
686,41975,107,,45.390625,59.375,20131030170626-870426,2,blue,12.8,blue,0,,2013-10-30 17:06:30.389497,2013-10-30 17:06:30.389497
687,41975,108,,43.28125,67.578125,20131030170631-015845,2,blue,12.8,blue,0,,2013-10-30 17:06:35.693598,2013-10-30 17:06:35.693598
688,41976,109,,10.625,41.640625,20131030170637-253305,2,blue,12.8,blue,0,,2013-10-30 17:06:43.841249,2013-10-30 17:06:43.841249
689,41976,110,,17.96875,46.25,20131030170644-991262,2,blue,12.8,blue,0,,2013-10-30 17:06:49.389767,2013-10-30 17:06:49.389767
690,41976,111,,15.3125,33.046875,20131030170650-894199,2,blue,12.8,blue,0,,2013-10-30 17:06:59.377643,2013-10-30 17:06:59.377643
691,41976,112,,21.25,29.609375,20131030170700-982543,2,blue,12.8,blue,0,,2013-10-30 17:07:04.084446,2013-10-30 17:07:04.084446
692,41976,113,,31.484375,30.625,20131030170705-580088,2,blue,12.8,blue,0,,2013-10-30 17:07:08.701593,2013-10-30 17:07:08.701593
693,41976,114,,39.453125,26.875,20131030170709-970271,2,blue,12.8,blue,0,,2013-10-30 17:07:13.531598,2013-10-30 17:07:13.531598
694,41976,115,,48.984375,25.625,20131030170714-222323,2,blue,12.8,blue,0,,2013-10-30 17:07:18.258743,2013-10-30 17:07:18.258743
695,41976,116,,56.953125,24.765625,20131030170719-247094,2,blue,12.8,blue,0,,2013-10-30 17:07:23.631541,2013-10-30 17:07:23.631541
696,41976,117,,68.359375,24.6875,20131030170724-226522,2,blue,12.8,blue,0,,2013-10-30 17:07:28.59848,2013-10-30 17:07:28.59848
697,41976,118,,75.078125,28.359375,20131030170729-734248,2,blue,12.8,blue,0,,2013-10-30 17:07:33.386283,2013-10-30 17:07:33.386283
698,41976,119,,69.21875,47.265625,20131030170734-304724,2,blue,12.8,blue,0,,2013-10-30 17:07:38.134813,2013-10-30 17:07:38.134813
699,41976,120,,76.71875,49.140625,20131030170739-521559,2,blue,12.8,blue,0,,2013-10-30 17:07:43.07425,2013-10-30 17:07:43.07425
700,41977,71,,14.0625,37.5,20131030170744-656488,2,blue,12.8,blue,0,,2013-10-30 17:07:50.385115,2013-10-30 17:07:50.385115
701,41977,72,,17.8125,33.203125,20131030170751-973931,2,blue,12.8,blue,0,,2013-10-30 17:07:56.051088,2013-10-30 17:07:56.051088
702,41977,73,,27.421875,31.5625,20131030170757-473522,2,blue,12.8,blue,0,,2013-10-30 17:08:01.449618,2013-10-30 17:08:01.449618
703,41977,74,,38.90625,32.96875,20131030170802-894709,2,blue,12.8,blue,0,,2013-10-30 17:08:06.252836,2013-10-30 17:08:06.252836
704,41977,75,,47.265625,35.625,20131030170807-663861,2,blue,12.8,blue,0,,2013-10-30 17:08:11.152329,2013-10-30 17:08:11.152329
705,41977,76,,53.828125,39.84375,20131030170812-520295,2,blue,12.8,blue,0,,2013-10-30 17:08:15.72582,2013-10-30 17:08:15.72582
706,41977,77,,59.296875,45.078125,20131030170816-732600,2,blue,12.8,blue,0,,2013-10-30 17:08:20.441021,2013-10-30 17:08:20.441021
707,41977,78,,63.984375,51.640625,20131030170821-227273,2,blue,12.8,blue,0,,2013-10-30 17:08:25.390158,2013-10-30 17:08:25.390158
708,41977,79,,70.390625,57.96875,20131030170826-369997,2,blue,12.8,blue,0,,2013-10-30 17:08:30.232079,2013-10-30 17:08:30.232079
709,41977,80,,79.140625,62.109375,20131030170831-600992,2,blue,12.8,blue,0,,2013-10-30 17:08:35.388606,2013-10-30 17:08:35.388606
710,41978,81,,43.4375,11.953125,20131030170836-101572,2,blue,12.8,blue,0,,2013-10-30 17:08:42.396208,2013-10-30 17:08:42.396208
711,41978,82,,45.078125,22.1875,20131030170843-942720,2,blue,12.8,blue,0,,2013-10-30 17:08:47.072643,2013-10-30 17:08:47.072643
712,41978,83,,48.203125,31.953125,20131030170848-113438,2,blue,12.8,blue,0,,2013-10-30 17:08:52.164201,2013-10-30 17:08:52.164201
713,41978,84,,50.625,40.390625,20131030170853-631476,2,blue,12.8,blue,0,,2013-10-30 17:08:57.113055,2013-10-30 17:08:57.113055
714,41978,85,,50.546875,47.890625,20131030170858-233425,2,blue,12.8,blue,0,,2013-10-30 17:09:02.067338,2013-10-30 17:09:02.067338
715,41978,86,,50.234375,52.34375,20131030170903-073481,2,blue,12.8,blue,0,,2013-10-30 17:09:07.407576,2013-10-30 17:09:07.407576
716,41978,87,,54.921875,57.734375,20131030170909-998770,2,blue,12.8,blue,0,,2013-10-30 17:09:12.930988,2013-10-30 17:09:12.930988
717,41978,88,,50.78125,63.828125,20131030170913-339701,2,blue,12.8,blue,0,,2013-10-30 17:09:17.913682,2013-10-30 17:09:17.913682
718,41978,89,,45.46875,65.78125,20131030170918-678798,2,blue,12.8,blue,0,,2013-10-30 17:09:23.274677,2013-10-30 17:09:23.274677
719,41978,90,,40.15625,58.515625,20131030170924-925545,2,blue,12.8,blue,0,,2013-10-30 17:09:28.350047,2013-10-30 17:09:28.350047
720,41974,91,,38.90625,67.03125,20131030170929-207938,2,blue,12.8,blue,0,,2013-10-30 17:09:33.503038,2013-10-30 17:09:33.503038
721,41974,92,,42.578125,65.703125,20131030170934-047642,2,blue,12.8,blue,0,,2013-10-30 17:09:38.668829,2013-10-30 17:09:38.668829
722,41974,93,,43.671875,60.390625,20131030170939-134760,2,blue,12.8,blue,0,,2013-10-30 17:09:44.108338,2013-10-30 17:09:44.108338
723,41974,94,,47.265625,47.5,20131030170945-343613,2,blue,12.8,blue,0,,2013-10-30 17:09:49.369672,2013-10-30 17:09:49.369672
724,41974,95,,49.6875,42.890625,20131030170950-905800,2,blue,12.8,blue,0,,2013-10-30 17:09:54.480413,2013-10-30 17:09:54.480413
725,41974,96,,49.84375,37.734375,20131030170955-180735,2,blue,12.8,blue,0,,2013-10-30 17:09:59.697388,2013-10-30 17:09:59.697388
726,41974,97,,53.4375,30.3125,20131030171000-498062,2,blue,12.8,blue,0,,2013-10-30 17:10:04.650621,2013-10-30 17:10:04.650621
727,41974,98,,54.609375,25.390625,20131030171005-484268,2,blue,12.8,blue,0,,2013-10-30 17:10:09.543188,2013-10-30 17:10:09.543188
728,41974,99,,57.65625,14.21875,20131030171010-688031,2,blue,12.8,blue,0,,2013-10-30 17:10:14.656841,2013-10-30 17:10:14.656841
729,41977,73,,27.421875,31.5625,20131030171639-274674,2,blue,12.8,blue,0,,2013-10-30 17:16:43.785698,2013-10-30 17:16:43.785698
732,41974,100,,53.75,10.703125,20131101141746-803979,2,blue,12.8,blue,0,,2013-11-01 14:17:53.475307,2013-11-01 14:17:53.475307
733,41975,101,,42.5,13.046875,20131101142641-938067,2,blue,12.8,blue,0,,2013-11-01 14:26:46.206276,2013-11-01 14:26:46.206276
734,41982,1746,,80.078125,34.9609375,20131106161906-258155,2,blue,10.24,blue,0,,2013-11-06 16:19:20.388206,2013-11-06 16:19:20.388206
735,41982,1746,,76.46484375,46.2890625,20131106161921-974554,2,blue,10.24,blue,0,,2013-11-06 16:19:26.622904,2013-11-06 16:19:26.622904
736,41982,1746,,31.4453125,31.4453125,20131106161927-791992,2,blue,10.24,blue,0,,2013-11-06 16:19:30.319306,2013-11-06 16:19:30.319306
737,41982,1746,,36.71875,48.046875,20131106161930-033735,2,blue,10.24,blue,0,,2013-11-06 16:19:34.029661,2013-11-06 16:19:34.029661
742,41974,99,,57.65625,14.21875,20131107212922-287345,2,blue,12.8,blue,0,,2013-11-07 21:29:25.904211,2013-11-07 21:29:25.904211
747,41990,1746,,79.98046875,35.15625,20131108170520-722586,2,blue,10.24,blue,0,,2013-11-08 17:05:28.973839,2013-11-08 17:05:28.973839
748,41990,1746,,76.26953125,45.99609375,20131108170529-538883,2,blue,10.24,blue,0,,2013-11-08 17:05:35.546315,2013-11-08 17:05:35.546315
749,41990,1746,,31.25,31.15234375,20131108170536-713629,2,blue,10.24,blue,0,,2013-11-08 17:05:39.882602,2013-11-08 17:05:39.882602
750,41990,1746,,36.5234375,48.2421875,20131108170540-806541,2,blue,10.24,blue,0,,2013-11-08 17:05:43.906287,2013-11-08 17:05:43.906287
751,42033,ref-grt-RVSA4 daughter,,85,45.4244389027431,20131120164058-250887,2,blue,16.04,blue,0,,2013-11-20 16:46:35.166416,2013-11-20 16:46:35.166416
752,42033,95-QL-2M daughter,,65,79.7244389027431,20131120164249-990313,2,blue,16.04,blue,0,,2013-11-20 16:47:32.222538,2013-11-20 16:47:32.222538
753,42033,ref-grt-HK5206701d daughter,,17.3,48.0244389027431,20131120164345-577324,2,blue,16.04,blue,0,,2013-11-20 16:48:06.165303,2013-11-20 16:48:06.165303
754,42033,grt-SAE113 daughter,,30,19.0244389027431,20131120164320-248921,2,blue,16.04,blue,0,,2013-11-20 16:48:34.476272,2013-11-20 16:48:34.476272
755,42033,MSG1 daughter,,47,45.4244389027431,20131120164304-740857,2,blue,16.04,blue,0,,2013-11-20 16:48:59.231377,2013-11-20 16:48:59.231377
756,42033,grt-mvg3,,32.7,76.4244389027431,20131120170158-962521,2,blue,16.04,blue,0,,2013-11-20 17:03:23.402963,2013-11-20 17:03:23.402963
757,42033,grt-mnag10,,66,15.4244389027431,20131120170043-099003,2,blue,16.04,blue,0,,2013-11-20 17:03:56.599621,2013-11-20 17:03:56.599621
758,42040,939,,50.87890625,34.9609375,20131125170052-837756,2,blue,10.24,blue,0,,2013-11-25 17:01:00.547627,2013-11-25 17:01:00.547627
759,42041,939,,54.19921875,38.671875,20131125170101-456660,2,blue,10.24,blue,0,,2013-11-25 17:01:15.965621,2013-11-25 17:01:15.965621
760,42042,939,,51.7578125,42.96875,20131125170117-464436,2,blue,10.24,blue,0,,2013-11-25 17:01:24.667435,2013-11-25 17:01:24.667435
761,42043,939,,72.8515625,32.6171875,20131125170125-121617,2,blue,10.24,blue,0,,2013-11-25 17:01:34.153684,2013-11-25 17:01:34.153684
762,42044,939,,94.7265625,50.87890625,20131125170135-161936,2,blue,10.24,blue,0,,2013-11-25 17:01:42.731362,2013-11-25 17:01:42.731362
763,42045,939,,23.2421875,30.56640625,20131125170143-065690,2,blue,10.24,blue,0,,2013-11-25 17:01:55.751378,2013-11-25 17:01:55.751378
764,42046,939,,11.5234375,6.93359375,20131125170157-655463,2,blue,10.24,blue,0,,2013-11-25 17:02:06.322363,2013-11-25 17:02:06.322363
765,42060,939,,50.78125,34.9609375,20131126163558-905033,2,blue,10.24,blue,0,,2013-11-26 16:36:04.418154,2013-11-26 16:36:04.418154
766,42060,940,,54.1015625,38.57421875,20131126163605-788050,2,blue,10.24,blue,0,,2013-11-26 16:36:10.843196,2013-11-27 10:37:36.578694
767,42060,941,,51.85546875,43.1640625,20131126163611-388321,2,blue,10.24,blue,0,,2013-11-26 16:36:15.611601,2013-11-27 10:37:36.595551
768,42060,944,,72.65625,32.8125,20131126163616-589531,2,blue,10.24,blue,0,,2013-11-26 16:36:24.582408,2013-11-27 10:37:36.610292
769,42060,945,,94.7265625,50.9765625,20131126163625-593602,2,blue,10.24,blue,0,,2013-11-26 16:36:29.32578,2013-11-27 10:37:36.620182
770,42060,946,,23.4375,30.46875,20131126163630-141983,2,blue,10.24,blue,0,,2013-11-26 16:36:34.372794,2013-11-27 10:37:36.635018
771,42060,948,,11.328125,7.03125,20131126163635-574777,2,blue,10.24,blue,0,,2013-11-26 16:36:41.08529,2013-11-27 10:37:36.645311
772,42061,955,,22.65625,60.9375,20131126170236-535436,2,blue,10.24,blue,0,,2013-11-26 17:02:42.6088,2013-11-27 10:37:36.660261
773,42061,969,,27.05078125,48.046875,20131126170243-660982,2,blue,10.24,blue,0,,2013-11-26 17:02:48.564682,2013-11-27 10:37:36.670059
774,42061,989,,26.5625,57.32421875,20131126170249-945291,2,blue,10.24,blue,0,,2013-11-26 17:02:54.784116,2013-11-27 10:37:36.678648
775,42061,990,,27.9296875,54.19921875,20131126170255-404933,2,blue,10.24,blue,0,,2013-11-26 17:03:01.470883,2013-11-27 10:37:36.693687
776,42061,991,,91.11328125,5.56640625,20131126170302-544730,2,blue,10.24,blue,0,,2013-11-26 17:03:09.931619,2013-11-27 10:37:36.703482
777,42061,1046,,57.71484375,41.89453125,20131126170310-962279,2,blue,10.24,blue,0,,2013-11-26 17:03:15.010129,2013-11-27 10:37:36.718825
778,42062,980,,60.25390625,33.7890625,20131126171811-411137,2,blue,10.24,blue,0,,2013-11-26 17:18:18.053473,2013-11-27 10:37:36.728438
779,42062,981,,51.3671875,15.91796875,20131126171818-336158,2,blue,10.24,blue,0,,2013-11-26 17:18:23.470749,2013-11-27 10:37:36.737079
780,42062,982,,39.6484375,27.63671875,20131126171824-309298,2,blue,10.24,blue,0,,2013-11-26 17:18:28.463081,2013-11-27 10:37:36.752356
781,42062,985,,30.56640625,27.34375,20131126171829-383172,2,blue,10.24,blue,0,,2013-11-26 17:18:35.888669,2013-11-27 10:37:36.762048
782,42062,986,,34.5703125,65.72265625,20131126171836-144618,2,blue,10.24,blue,0,,2013-11-26 17:18:42.639859,2013-11-27 10:37:36.777071
783,42063,1588,,28.515625,30.2734375,20131126173212-191611,2,blue,10.24,blue,0,,2013-11-26 17:32:18.726001,2013-11-27 10:37:36.786362
784,42063,1589,,39.55078125,61.62109375,20131126173225-949234,2,blue,10.24,blue,0,,2013-11-26 17:32:29.784407,2013-11-27 10:37:36.79532
785,42063,1591,,84.375,31.93359375,20131126173236-765986,2,blue,10.24,blue,0,,2013-11-26 17:32:44.023944,2013-11-27 10:37:36.810222
786,42063,1592,,74.70703125,28.90625,20131126173251-351045,2,blue,10.24,blue,0,,2013-11-26 17:32:55.608483,2013-11-27 10:37:36.820262
787,42063,1593,,70.21484375,12.01171875,20131126173302-289547,2,blue,10.24,blue,0,,2013-11-26 17:33:07.380556,2013-11-27 10:37:36.835203
788,42064,1595,,53.80859375,28.515625,20131126173549-781128,2,blue,10.24,blue,0,,2013-11-26 17:35:56.760973,2013-11-27 10:37:36.845097
789,42064,1596,,16.89453125,44.82421875,20131126173603-540830,2,blue,10.24,blue,0,,2013-11-26 17:36:07.783422,2013-11-27 10:37:36.853283
790,42064,1597,,19.04296875,39.74609375,20131126173615-915521,2,blue,10.24,blue,0,,2013-11-26 17:36:22.961403,2013-11-27 10:37:36.861942
791,42064,1640,,33.203125,49.90234375,20131126173629-776072,2,blue,10.24,blue,0,,2013-11-26 17:36:35.695458,2013-11-27 10:37:36.877189
792,42064,1641,,42.87109375,25.9765625,20131126173642-292248,2,blue,10.24,blue,0,,2013-11-26 17:36:47.765647,2013-11-27 10:37:36.886815
793,42064,1642,,10.9375,47.0703125,20131126173654-922175,2,blue,10.24,blue,0,,2013-11-26 17:36:59.08359,2013-11-27 10:37:36.895167
794,42064,1645,,68.5546875,48.14453125,20131126173706-742516,2,blue,10.24,blue,0,,2013-11-26 17:37:10.814478,2013-11-27 10:37:36.910292
795,42064,1647,,83.69140625,56.8359375,20131126173717-997916,2,blue,10.24,blue,0,,2013-11-26 17:37:22.618228,2013-11-27 10:37:36.920007
796,42064,1646,,93.359375,61.42578125,20131126173729-077240,2,blue,10.24,blue,0,,2013-11-26 17:37:35.245452,2013-11-27 10:37:36.928404
797,42065,1649,,39.35546875,61.03515625,20131126173831-938206,2,blue,10.24,blue,0,,2013-11-26 17:38:37.671243,2013-11-27 10:37:36.94383
798,42065,1650,,60.05859375,30.078125,20131126173844-941110,2,blue,10.24,blue,0,,2013-11-26 17:38:49.595687,2013-11-27 10:37:36.953684
799,42065,1651,,60.9375,17.3828125,20131126173856-911863,2,blue,10.24,blue,0,,2013-11-26 17:39:05.482289,2013-11-27 10:37:36.969249
800,42066,1701,,79.4921875,28.515625,20131126174043-717381,2,blue,10.24,blue,0,,2013-11-26 17:40:50.666276,2013-11-27 10:37:36.978746
801,42066,1702,,78.22265625,39.453125,20131126174057-316507,2,blue,10.24,blue,0,,2013-11-26 17:41:04.694119,2013-11-27 10:37:36.993765
802,42066,1703,,64.35546875,17.08984375,20131126174111-432545,2,blue,10.24,blue,0,,2013-11-26 17:41:17.712009,2013-11-27 10:37:37.003775
803,42066,1705,,40.33203125,39.453125,20131126174124-914250,2,blue,10.24,blue,0,,2013-11-26 17:41:29.54577,2013-11-27 10:37:37.127862
804,42066,1706,,51.66015625,29.296875,20131126174136-341155,2,blue,10.24,blue,0,,2013-11-26 17:41:42.615763,2013-11-27 10:37:37.177614
805,42066,1707,,80.17578125,60.83984375,20131126174149-331322,2,blue,10.24,blue,0,,2013-11-26 17:41:56.323872,2013-11-27 10:37:37.21072
806,42066,1708,,80.2734375,65.33203125,20131126174203-943058,2,blue,10.24,blue,0,,2013-11-26 17:42:08.644239,2013-11-27 10:37:37.244697
807,42066,1722,,88.18359375,37.6953125,20131126174221-075600,2,blue,10.24,blue,0,,2013-11-26 17:42:27.68041,2013-11-27 10:37:37.262306
808,42067,1717,,43.359375,31.8359375,20131126174317-636125,2,blue,10.24,blue,0,,2013-11-26 17:43:24.647586,2013-11-27 10:37:37.295152
809,42067,1718,,62.6953125,34.86328125,20131126174331-590441,2,blue,10.24,blue,0,,2013-11-26 17:43:36.797436,2013-11-27 10:37:37.328691
810,42068,1731,,35.25390625,59.5703125,20131126174415-946873,2,blue,10.24,blue,0,,2013-11-26 17:44:22.841309,2013-11-27 10:37:37.343744
811,42068,1732,,77.83203125,19.140625,20131126174429-805047,2,blue,10.24,blue,0,,2013-11-26 17:44:33.050111,2013-11-27 10:37:37.353781
812,42069,1734,,50.29296875,32.2265625,20131126174529-671929,2,blue,10.24,blue,0,,2013-11-26 17:45:38.077386,2013-11-27 10:37:37.368865
813,42069,1735,,49.51171875,42.67578125,20131126174544-665464,2,blue,10.24,blue,0,,2013-11-26 17:45:51.97152,2013-11-27 10:37:37.378678
814,42070,1737/1737,,49.12109375,38.96484375,20131126174625-663226,2,blue,10.24,blue,0,,2013-11-26 17:46:32.106334,2013-11-26 17:46:32.106334
815,42161,ref-ol-sc,,50,50,20131213180559-432959,2,blue,12.2,blue,0,,2013-12-13 18:21:05.173743,2013-12-13 18:21:05.173743
816,42162,ref-ol-sc,,56.3,52.3,20131213180559-432959,2,blue,12.2,blue,0,,2013-12-13 18:22:32.96469,2013-12-13 18:22:32.96469
817,42162,ref-gl-pjr1,,46.7,42.7,20110514202820-438-405,2,green,12.2,blue,0,f,2013-12-13 18:24:25.787586,2013-12-13 18:25:00.349517
818,42162,ref-gl-dr1a1,,45.7,58.3,20110514202826-190-901,2,red,12.2,blue,0,f,2013-12-13 18:25:25.826816,2013-12-13 18:25:34.410958
819,13500,ol-sc,,21.7,41.3,20131217182455-644418,2,green,11.74,blue,0,f,2013-12-17 18:40:55.142238,2013-12-17 21:28:13.443205
820,13500,gl-SA86-orig,,38.7,32,20131217183104-292831,2,red,11.74,blue,0,f,2013-12-17 18:41:41.188822,2013-12-17 21:31:43.1072
821,13500,gl-SA86a,,38,47.7,20131217183127-606086,2,red,11.74,blue,0,f,2013-12-17 21:27:33.57455,2013-12-17 21:31:35.04425
822,13500,gl-SA86d,,40.3,73.7,20131217183200-546822,2,red,11.74,blue,0,f,2013-12-17 21:28:39.940985,2013-12-17 21:31:27.290457
823,13500,gl-JA1-orig,,54.3,24.3,20131217183254-791420,2,blue,11.74,blue,0,,2013-12-17 21:29:08.097767,2013-12-17 21:29:08.097767
824,13500,gl-JA1a,,59.3,40.3,20131217183316-105592,2,blue,11.74,blue,0,,2013-12-17 21:29:29.117941,2013-12-17 21:29:29.117941
825,13500,gl-JA1b,,58,52.3,20131217183330-529637,2,blue,11.74,blue,0,,2013-12-17 21:30:25.902547,2013-12-17 21:30:25.902547
826,13500,gl-JA1c,,56.7,67,20131217183338-582321,2,blue,11.74,blue,0,,2013-12-17 21:30:45.866876,2013-12-17 21:30:45.866876
827,13500,gl-JA1d,,57,78,20131217183345-163766,2,blue,11.74,blue,0,,2013-12-17 21:31:07.781033,2013-12-17 21:31:07.781033
828,42571,grt1,,64,56.3,20140213150013-263954,2,blue,12.63,blue,0,,2014-02-13 15:01:10.879661,2014-02-13 15:01:10.879661
829,42571,grt2,,77.7,54,20140213150021-645094,2,blue,12.63,blue,0,,2014-02-13 15:01:55.492297,2014-02-13 15:01:55.492297
830,42602,Gar1,,58.3,17.2192006950478,20140219195713-744493,2,blue,23.02,blue,0,,2014-02-19 20:04:21.771333,2014-02-19 20:04:21.771333
831,42602,Gar2,,46.3,14.2192006950478,20140219195723-828746,2,blue,23.02,blue,0,,2014-02-19 20:05:12.791416,2014-02-19 20:05:12.791416
832,42602,Gar3,,11.3,20.2192006950478,20140219195734-524424,2,blue,23.02,blue,0,,2014-02-19 20:05:40.34532,2014-02-19 20:05:40.34532
