id,name,stone_type,description,parent_id,place_id,box_id,physical_form_id,classification_id,quantity,quantity_unit,created_at,updated_at
125,I1501,rock sample,,,64,56,1,5,,,2008-06-20 18:18:42.582183,2011-04-22 11:50:34.174882
126,I1502,rock sample,,,64,56,1,5,,,2008-06-20 18:18:42.595737,2011-04-22 11:50:36.488692
127,I1503,rock sample,,,66,56,1,5,,,2008-06-20 18:18:42.605945,2011-04-22 11:50:36.45528
128,I1504,rock sample,,,67,56,1,5,,,2008-06-20 18:18:42.628351,2011-04-22 11:50:36.422925
129,I1607,rock sample,,,68,59,1,5,,,2008-06-20 18:18:42.647268,2011-04-22 11:50:35.463311
130,I1608,rock sample,,,69,59,1,5,,,2008-06-20 18:18:42.657597,2011-04-22 11:50:35.430088
131,I1605,rock sample,,,70,59,1,5,,,2008-06-20 18:18:42.668023,2011-04-22 11:50:35.530279
132,I1606,rock sample,,,71,59,1,5,,,2008-06-20 18:18:42.67863,2011-04-22 11:50:35.497479
133,I1603,rock sample,,,72,59,1,5,,,2008-06-20 18:18:42.6888,2011-04-22 11:50:35.596813
134,I1604,rock sample,,,73,59,1,5,,,2008-06-20 18:18:42.699144,2011-04-22 11:50:35.563342
135,I1601,rock sample,,,72,59,1,5,,,2008-06-20 18:18:42.722736,2011-04-22 11:50:35.663294
136,I1602,rock sample,,,72,59,1,5,,,2008-06-20 18:18:42.739458,2011-04-22 11:50:35.630806
137,I1505,rock sample,,,76,56,1,5,,,2008-06-20 18:18:42.749563,2011-04-22 11:50:36.38844
138,I1506,rock sample,,,77,56,1,5,,,2008-06-20 18:18:42.759827,2011-04-22 11:50:36.354815
139,I1507,rock sample,,,78,56,1,5,,,2008-06-20 18:18:42.769876,2011-04-22 11:50:36.324889
140,I1508,rock sample,,,79,56,1,5,,,2008-06-20 18:18:42.780639,2011-04-22 11:50:36.555888
141,I1509,rock sample,,,80,56,1,5,,,2008-06-20 18:18:42.790917,2011-04-22 11:50:36.522606
142,I1510,rock sample,,,81,56,1,5,,,2008-06-20 18:18:42.800736,2011-04-22 11:50:34.304678
143,IB1608,rock sample,,,82,58,1,5,,,2008-06-20 18:18:42.82316,2011-04-22 11:50:36.88345
144,IB1609,rock sample,,,83,58,1,5,,,2008-06-20 18:18:42.838485,2011-04-22 11:50:37.125076
145,IB1610,rock sample,,,83,58,1,5,,,2008-06-20 18:18:42.848174,2011-04-22 11:50:37.092022
146,IB1606,rock sample,,,85,58,1,5,,,2008-06-20 18:18:42.858817,2011-04-22 11:50:37.008608
147,IB1607,rock sample,,,86,58,1,5,,,2008-06-20 18:18:42.868087,2011-04-22 11:50:36.995574
148,IB1601,rock sample,,,87,58,1,5,,,2008-06-20 18:18:42.87767,2011-04-22 11:50:37.058545
149,IB1602,rock sample,,,87,58,1,5,,,2008-06-20 18:18:42.888064,2011-04-22 11:50:37.108603
150,IB1603,rock sample,,,89,58,1,5,,,2008-06-20 18:18:42.915153,2011-04-22 11:50:37.041947
151,IB1604,rock sample,,,89,58,1,5,,,2008-06-20 18:18:42.93311,2011-04-22 11:50:37.075237
152,IB1605,rock sample,,,91,58,1,5,,,2008-06-20 18:18:42.942668,2011-04-22 11:50:37.02531
153,IB2201,rock sample,,,92,55,1,5,,,2008-06-20 18:18:42.971354,2011-04-22 11:50:36.30846
154,I2201,rock sample,,,93,54,1,5,,,2008-06-20 18:18:42.981531,2011-04-22 11:50:35.796732
155,I2202,rock sample,,,94,54,1,5,,,2008-06-20 18:18:42.992101,2011-04-22 11:50:35.763854
156,I2203,rock sample,,,95,54,1,5,,,2008-06-20 18:18:43.016222,2011-04-22 11:50:35.69666
157,IB2202,rock sample,,,96,55,1,5,,,2008-06-20 18:18:43.033397,2011-04-22 11:50:36.242196
158,I2204,rock sample,,,97,54,1,5,,,2008-06-20 18:18:43.043747,2011-04-22 11:50:36.155315
159,I2205,rock sample,,,98,54,1,5,,,2008-06-20 18:18:43.053974,2011-04-22 11:50:36.089515
160,IB2203,rock sample,,,99,55,1,5,,,2008-06-20 18:18:43.064225,2011-04-22 11:50:36.221896
161,I2206,rock sample,,,100,54,1,5,,,2008-06-20 18:18:43.074143,2011-04-22 11:50:36.05468
162,I2207,rock sample,,,101,54,1,5,,,2008-06-20 18:18:43.084162,2011-04-22 11:50:35.930032
163,I2208,rock sample,,,102,54,1,5,,,2008-06-20 18:18:43.099549,2011-04-22 11:50:35.730499
164,IB2204,rock sample,,,103,55,1,5,,,2008-06-20 18:18:43.117438,2011-04-22 11:50:36.291786
165,I2209,rock sample,,,104,54,1,5,,,2008-06-20 18:18:43.128843,2011-04-22 11:50:36.1894
166,IB2205,rock sample,,,105,55,1,5,,,2008-06-20 18:18:43.138759,2011-04-22 11:50:36.274932
167,I2210,rock sample,,,106,54,1,5,,,2008-06-20 18:18:43.148994,2011-04-22 11:50:36.12201
168,IB2206,rock sample,,,107,55,1,5,,,2008-06-20 18:18:43.159001,2011-04-22 11:50:36.258297
169,I1401,rock sample,,,108,53,1,5,,,2008-06-20 18:18:43.17591,2011-04-22 11:50:35.091535
170,I1402,rock sample,,,109,53,1,5,,,2008-06-20 18:18:43.186246,2011-04-22 11:50:35.233162
171,IB1401,rock sample,,,110,53,1,5,,,2008-06-20 18:18:43.2092,2011-04-22 11:50:35.15294
172,I1301,rock sample,,,111,48,1,5,,,2008-06-20 18:18:43.219273,2011-04-22 11:50:34.673845
173,I1302,rock sample,,,111,48,1,5,,,2008-06-20 18:18:43.229455,2011-04-22 11:50:34.70703
174,I1303,rock sample,,,113,48,1,5,,,2008-06-20 18:18:43.240837,2011-04-22 11:50:34.807123
175,I1403,rock sample,,,114,53,1,5,,,2008-06-20 18:18:43.253351,2011-04-22 11:50:35.330003
176,I1304,rock,,,115,48,1,5,,,2008-06-20 18:18:43.263928,2011-04-22 11:50:37.853976
177,I1404,rock sample,,,116,53,1,5,,,2008-06-20 18:18:43.274684,2011-04-22 11:50:35.397638
178,I1405,rock sample,,,117,53,1,5,,,2008-06-20 18:18:43.284588,2011-04-22 11:50:35.297772
179,I1305,rock sample,,,118,48,1,5,,,2008-06-20 18:18:43.306427,2011-04-22 11:50:34.239151
180,I1406,rock sample,,,119,53,1,5,,,2008-06-20 18:18:43.327593,2011-04-22 11:50:35.363308
181,I1306,rock sample,,,120,48,1,5,,,2008-06-20 18:18:43.338656,2011-04-22 11:50:34.20443
182,I1307,rock sample,,,121,48,1,5,,,2008-06-20 18:18:43.35008,2011-04-22 11:50:34.573729
183,I1308,rock sample,,,122,48,1,5,,,2008-06-20 18:18:43.360255,2011-04-22 11:50:34.504251
184,I1309,rock sample,,,123,48,1,5,,,2008-06-20 18:18:43.397846,2011-04-22 11:50:34.474399
185,I1310,rock sample,,,124,48,1,5,,,2008-06-20 18:18:43.413986,2011-04-22 11:50:34.741522
186,I1311,rock sample,,,125,48,1,5,,,2008-06-20 18:18:43.426614,2011-04-22 11:50:34.64148
187,I1312,rock sample,,,126,48,1,5,,,2008-06-20 18:18:43.447867,2011-04-22 11:50:34.538877
188,I1313,rock sample,,,127,48,1,5,,,2008-06-20 18:18:43.501263,2011-04-22 11:50:34.8415
189,I1314,rock sample,,,128,48,1,5,,,2008-06-20 18:18:43.510858,2011-04-22 11:50:34.773959
190,I1315,rock sample,,,129,48,1,5,,,2008-06-20 18:18:43.520723,2011-04-22 11:50:34.607105
191,I1407,rock sample,,,130,53,1,5,,,2008-06-20 18:18:43.530676,2011-04-22 11:50:35.263233
192,IB1402,rock sample,,,131,53,1,5,,,2008-06-20 18:18:43.54097,2011-04-22 11:50:35.216446
193,I1408,rock sample,,,132,52,1,5,,,2008-06-20 18:18:43.551151,2011-04-22 11:50:37.630712
194,IB1403,rock sample,,,133,53,1,5,,,2008-06-20 18:18:43.563898,2011-04-22 11:50:35.186056
195,I1409,rock sample,,,134,52,1,5,,,2008-06-20 18:18:43.574016,2011-04-22 11:50:37.663008
196,I1410,rock sample,,,135,52,1,5,,,2008-06-20 18:18:43.59507,2011-04-22 11:50:37.563826
197,IB1404,rock sample,,,136,53,1,5,,,2008-06-20 18:18:43.605646,2011-04-22 11:50:34.457795
198,I1411,rock sample,,,137,52,1,5,,,2008-06-20 18:18:43.615901,2011-04-22 11:50:37.4979
199,IB1405,rock sample,,,138,53,1,5,,,2008-06-20 18:18:43.655763,2011-04-22 11:50:35.017352
200,IB1406,rock sample,,,139,53,1,5,,,2008-06-20 18:18:43.666635,2011-04-22 11:50:35.199965
201,I1412,rock sample,,,140,52,1,5,,,2008-06-20 18:18:43.689053,2011-04-22 11:50:37.433173
202,I1413,rock sample,,,141,52,1,5,,,2008-06-20 18:18:43.701274,2011-04-22 11:50:37.464878
203,I1414,rock sample,,,142,52,1,5,,,2008-06-20 18:18:43.715239,2011-04-22 11:50:37.597606
204,I1415,rock sample,,,143,52,1,5,,,2008-06-20 18:18:43.754603,2011-04-22 11:50:37.530723
205,I1416,rock sample,,,144,52,1,5,,,2008-06-20 18:18:43.764671,2011-04-22 11:50:37.697027
206,I1417,rock sample,,,145,52,1,5,,,2008-06-20 18:18:43.775907,2011-04-22 11:50:37.404366
207,I1418,rock sample,,,146,52,1,5,,,2008-06-20 18:18:43.794619,2011-04-22 11:50:37.372784
208,I2118,rock sample,,,147,60,1,5,,,2008-06-20 18:18:43.810163,2011-04-22 11:50:37.308406
209,I2117,rock sample,,,148,60,1,5,,,2008-06-20 18:18:43.820408,2011-04-22 11:50:37.340132
210,I2116,rock sample,,,149,60,1,5,,,2008-06-20 18:18:43.830426,2011-04-22 11:50:37.731354
211,IB2110,rock sample,,,150,61,1,5,,,2008-06-20 18:18:43.840154,2011-04-22 11:50:34.441339
212,I2115,rock sample,,,151,60,1,5,,,2008-06-20 18:18:43.850471,2011-04-22 11:50:37.148401
213,I2114,rock sample,,,152,60,1,5,,,2008-06-20 18:18:43.860525,2011-04-22 11:50:37.177445
214,IB2109,rock sample,,,153,61,1,5,,,2008-06-20 18:18:43.871789,2011-04-22 11:50:35.000284
215,I2113,rock sample,,,154,60,1,5,,,2008-06-20 18:18:43.885992,2011-04-22 11:50:37.208328
216,I2112,rock sample,,,155,60,1,5,,,2008-06-20 18:18:43.919452,2011-04-22 11:50:37.241668
217,I2111,rock sample,,,156,60,1,5,,,2008-06-20 18:18:43.929658,2011-04-22 11:50:37.274363
218,IB2108,rock sample,,,157,61,1,5,,,2008-06-20 18:18:43.940237,2011-04-22 11:50:34.339123
219,I2110,rock sample,,,158,60,1,5,,,2008-06-20 18:18:43.958488,2011-04-22 11:50:34.271277
220,I2108,rock sample,,,159,57,1,5,,,2008-06-20 18:18:43.969031,2011-04-22 11:50:36.815944
221,I2109,rock sample,,,160,57,1,5,,,2008-06-20 18:18:44.006417,2011-04-22 11:50:36.783234
222,IB2106,rock sample,,,161,61,1,5,,,2008-06-20 18:18:44.019034,2011-04-22 11:50:34.358349
223,IB2107,rock sample,,,162,61,1,5,,,2008-06-20 18:18:44.034706,2011-04-22 11:50:34.391191
224,I2105,rock sample,,,,57,1,5,,,2008-06-20 18:18:44.047424,2011-04-22 11:50:36.721819
225,IB2103,rock sample,,,164,61,1,5,,,2008-06-20 18:18:44.061185,2011-04-22 11:50:34.407693
226,I2106,rock sample,,,165,57,1,5,,,2008-06-20 18:18:44.073674,2011-04-22 11:50:36.688587
227,IB2104,rock sample,,,166,61,1,5,,,2008-06-20 18:18:44.08678,2011-04-22 11:50:34.374389
228,I2107,rock sample,,,167,57,1,5,,,2008-06-20 18:18:44.10717,2011-04-22 11:50:36.655935
229,IB2105,rock sample,,,168,61,1,5,,,2008-06-20 18:18:44.123402,2011-04-22 11:50:34.424624
230,I2101,rock sample,,,169,57,1,5,,,2008-06-20 18:18:44.163259,2011-04-22 11:50:36.622013
231,I2102,rock sample,,,170,57,1,5,,,2008-06-20 18:18:44.17432,2011-04-22 11:50:36.588595
232,I2103,rock sample,,,171,57,1,5,,,2008-06-20 18:18:44.186875,2011-04-22 11:50:36.849413
233,I2104,rock sample,,,172,57,1,5,,,2008-06-20 18:18:44.216225,2011-04-22 11:50:36.752927
234,IB2101,rock sample,,,173,61,1,5,,,2008-06-20 18:18:44.235894,2011-04-22 11:50:34.894077
235,IB2102,rock sample,,,,61,1,5,,,2008-06-20 18:18:44.249634,2011-04-22 11:50:34.874175
465,ol-MW-sc,mineral,,466,,,11,,,,2008-06-24 16:32:30.511144,2011-01-05 13:35:25.33665
466,ol-MW-sc,rock sample,,,,39,1,,,,2008-06-24 16:32:30.550089,2011-01-05 14:41:41.873846
468,ol-mw-sas44,mineral,,469,,,11,,,,2008-06-24 16:44:41.855067,2011-01-05 13:35:25.328327
469,ol-mw-sas44,rock sample,,,,40,1,,,,2008-06-24 16:44:41.901929,2011-01-05 14:41:41.90741
470,ol-MW-Li-isotope-mount-1,mount,"Previous label was `MWol LiISO2004-1'.
ol-MW-sc: \abundance[\ppm]{Li} = 1.5 and \isotope{^7Li/^6Li} = 12.089	
ol-MW-sas44: \abundance[\ppm]{Li} = 2.7 and \isotope{^7Li/^6Li} = 12.156 (Maruyama et al	 2009)",,,41,9,14,,,2008-06-24 16:57:58.606472,2012-11-05 14:26:33.684346
471,ol-MW-Li-isotope-mount-2,mount,"Previous label was `MWol LiISO2004-2'.  There is another mount that contains same minerals.
ol-MW-sc: \abundance[\ppm]{Li} = 1.5 and \isotope{^7Li/^6Li} = 12.089	
ol-MW-sas44: \abundance[\ppm]{Li} = 2.7 and \isotope{^7Li/^6Li} = 12.156 (Maruyama et al	 2009)",,,1157,9,14,,,2008-06-23 22:59:07,2012-11-05 14:26:33.647655
472,ol-NM-sc,mount,"Previous label was `NMolSC'.
\abundance[\ppm]{Li} = 2.4 (Maruyama et al	 2009)
",,,123,11,,,,2008-06-23 23:01:31,2012-05-17 15:22:20.277476
473,ol-MW-sc5,,"Previous label was `SC D'.
\abundance[\ppm]{Li} = 2.5 (Maruyama et al	 2009)

",,,123,9,14,,,2008-06-24 08:19:45,2012-11-06 15:13:04.975058
551,Fukang (b),"Stony-iron	 Pallasite","Three pieces of Fukang (a	 b and c) were purchased at http://www.arizonaskiesmeteorites.com in early 2007	 and Their original weights are 20.3 g	 18.9 g and 16.5 g. Prices were $445.96	 $447.96 and $399.96.",6779,,1153,1,12,,,2008-07-06 12:23:24,2012-12-26 11:26:59.403167
828,Allende,meteorite,,11584,,43,1,17,,,2008-07-09 12:23:26.82299,2012-12-28 22:27:02.739232
888,ALL01-a2-1,The Allende meteorite on a mount,,828,,1161,9,2,,,2008-12-25 20:06:06,2012-06-14 18:00:33.216703
893,I2211,rock sample,,,,54,1,5,,,2009-01-09 11:57:27.088486,2011-04-22 11:50:35.896792
894,I2212,rock sample,,,,54,1,5,,,2009-01-09 11:58:42.577486,2011-04-22 11:50:35.864253
895,I2213,rock sample,,,,54,1,5,,,2009-01-09 11:59:31.543645,2011-04-22 11:50:35.830363
1421,ref-cpx-klb1,mount,"\abundance[cg/g]{SiO_2} = 52.26	 \abundance[cg/g]{MgO} = 14.97	 \abundance[\ppm]{Li} = 1.37 (Green Binder et al.	 2009)",5560,,123,9,16,,,2009-02-23 00:30:40,2012-11-07 15:02:11.185272
2627,0902-3,plutonic rock-peridotite,This harzburgite was collected by Eizo in 2000. Initial work was done by M. Tanimoto.,2784,,263,1,,,,2009-06-09 00:15:55,2011-01-05 15:05:21.108233
2628,0902-1,plutonic rock-peridotite,This plagioclase lherzolite was collected by Eizo in 2000. Initial work was done by M. Tanimoto.,2801,,263,1,,,,2009-06-09 00:16:04,2011-01-05 15:05:21.311084
2629,0902-8,plutonic rock-peridotite,This plagioclase lherzolite was collected by Eizo in 2000. Initial work was done by M. Tanimoto.,2803,,263,1,,,,2009-06-09 00:16:13,2011-01-05 15:05:21.044452
2630,0901-1,plutonic rock-peridotite,This spinel lherzolite was collected by Eizo in 2000. Initial work was done by M. Tanimoto.,,,278,1,,,,2009-06-09 09:16:22.645013,2011-01-05 15:05:21.334597
2631,0902-11,plutonic rock-peridotite,This dunite was collected by Eizo in 2000. Initial work was done by M. Tanimoto.,2807,,263,1,,,,2009-06-09 00:16:32,2011-01-05 15:05:20.983843
2663,0901-4,plutonic rock-peridotite,This plagioclase lherzolite was collected by Eizo in 2000. Intial work was done by M. Tanimoto.,2783,,263,1,,,,2009-06-10 00:04:11,2011-01-05 15:05:21.141951
2664,0902-10,plutonic rock-peridotite,This harzburgite was collected by Eizo in 2000. Initial work was done by M. Tanimoto.,2806,,263,1,,,,2009-06-10 00:04:22,2011-01-05 15:05:21.325053
2665,0901-3,plutonic rock-peridotite,This harzburgite was collected by Eizo in 2000. Initial work was done by M. Tanimoto.,2800,,263,1,,,,2009-06-10 00:04:31,2011-01-05 15:05:21.270908
2666,0904-1,plutonic rock-peridotite,This plagioclase lherzolite was collected by Eizo in 2000. Intial work was done by M. Tanimoto.,2804,,263,1,,,,2009-06-10 00:04:40,2011-01-05 15:05:21.008658
2667,0903-13,plutonic rock-peridotite,This harzburgite was collected by Eizo in 2000. Initial work was done by M. Tanimoto.,,,263,1,,,,2009-06-10 00:04:49,2011-01-05 15:05:21.257461
2681,0904-2,plutonic rock-peridotite,This spinel lherzolite was collected by Eizo in 2000. Initial work was done by M. Tanimoto.,2808,,263,1,,,,2009-06-10 15:17:57,2011-01-05 15:05:21.019612
2683,HR-70,plutonic rock-peridotite,This plagioclase lherzolite was collected by Eizo in 2000 (a drilled core sample).,,,263,1,,,,2009-06-10 15:18:19,2011-01-05 15:05:21.117657
2684,HR-90,plutonic rock-peridotite,This plagioclase lherzolite was collected by Eizo in 2000 (a drilled core sample).,,,263,1,,,,2009-06-10 15:18:30,2011-01-05 15:05:21.12616
2685,HR+55,plutonic rock-peridotite,This plagioclase lherzolite was collected by Eizo in 2000 (a drilled core sample).,,,263,1,,,,2009-06-10 15:18:40,2011-01-05 15:05:21.298739
2686,HR+20,plutonic rock-peridotite,This plagioclase lherzolite was collected by Eizo in 2000 (a drilled core sample).,,,263,1,,,,2009-06-10 15:18:50,2011-01-05 15:05:20.968163
2687,HR+12,plutonic rock-peridotite,This plagioclase lherzolite was collected by Eizo in 2000 (a drilled core sample).,,,263,1,,,,2009-06-10 15:19:00,2011-01-05 15:05:20.993116
2688,HR-50,plutonic rock-peridotite,This plagioclase lherzolite was collected by Eizo in 2000 (a drilled core sample).,,,263,1,,,,2009-06-10 15:19:11,2011-01-05 15:05:21.067927
2689,HR+0,plutonic rock-peridotite,This plagioclase lherzolite was collected by Eizo in 2000 (a drilled core sample).,,,263,1,,,,2009-06-10 15:19:21,2011-01-05 15:05:21.031956
2690,HR-60,plutonic rock-peridotite,This plagioclase lherzolite was collected by Eizo in 2000 (a drilled core sample).,,,263,1,,,,2009-06-10 15:19:31,2011-01-05 15:05:21.082537
2691,HR-37,plutonic rock-peridotite,This plagioclase lherzolite was collected by Eizo in 2000 (a drilled core sample).,,,263,1,,,,2009-06-10 15:19:41,2011-01-05 15:05:21.057009
2692,HR+5,plutonic rock-peridotite,This harzburgite was collected by Eizo in 2000 (a drilled core sample).,,,263,1,,,,2009-06-10 15:19:51,2011-01-05 15:05:21.243555
2693,0902-2a,plutonic rock-peridotite,"This plagioclase lherzolite was collected by Eizo in 2000. Initial work was done by M. Tanimoto.

This sample is not found on the Horoman 2000a as of November 29	 2011.",,,263,1,,,,2009-06-10 15:20:01,2011-11-29 17:11:47.693699
2694,0902-2,plutonic rock-peridotite,This plagioclase lherzolite was collected by Eizo in 2000. Initial work was done by M. Tanimoto.,,,263,1,,,,2009-06-10 15:20:12,2011-01-05 15:05:21.284896
2735,0901-1,Rock powder,This powder was made by Masaaki Tanimoto.,2630,,279,2,,,,2009-06-17 15:26:16,2011-01-05 15:08:04.977056
2751,0903-13,Rock powder,This powder was made by Masaaki Tanimoto.,2667,,279,2,,,,2009-06-17 15:28:44,2011-11-24 09:18:09.296004
2755,0901-4a,Rock powder,The original plagioclase lherzolite was collected by Eizo in 2000. The rock is all consumed. This powder was made by M. Tanimoto.,2900,,279,2,,,,2009-06-18 15:13:05,2011-01-05 15:08:05.004597
2756,0901-4b,Rock powder,The original plagioclase lherzolite was collected by Eizo in 2000. The rock is all consumed. This powder was made by M. Tanimoto.,2901,,279,2,,,,2009-06-18 15:13:13,2011-01-05 15:08:05.129967
2757,0901-4c,Rock powder,The original plagioclase lherzolite was collected by Eizo in 2000. The rock is all consumed. This powder was made by M. Tanimoto.,2902,,279,2,,,,2009-06-18 15:13:20,2011-01-05 15:08:05.163223
2758,0902-2a,Rock powder,This powder was made by Masaaki Tanimoto.,2693,,279,2,,,,2009-06-18 15:14:10,2011-01-05 15:08:04.960444
2759,0902-8a,Rock powder,The original plagioclase lherzolite was collected by Eizo in 2000. The rock is all consumed. This powder was made by M. Tanimoto.,2903,,279,2,,,,2009-06-18 15:14:18,2011-01-05 15:08:05.196553
2760,0902-8b,Rock powder,The original plagioclase lherzolite was collected by Eizo in 2000. The rock is all consumed. This powder was made by M. Tanimoto.,2904,,279,2,,,,2009-06-18 15:14:25,2011-01-05 15:08:05.229699
2761,0902-8c,Rock powder,The original plagioclase lherzolite was collected by Eizo in 2000. The rock is all consumed. This powder was made by M. Tanimoto.,2905,,279,2,,,,2009-06-18 15:14:33,2011-01-05 15:08:04.743965
2762,0904-1a,Rock powder,The original plagioclase lherzolite was collected by Eizo in 2000. The rock is all consumed. This powder was made by M. Tanimoto.,2907,,279,2,,,,2009-06-18 15:14:40,2011-01-05 15:08:04.827061
2763,0904-1b,Rock powder,The original plagioclase lherzolite was collected by Eizo in 2000. The rock is all consumed. This powder was made by M. Tanimoto.,2908,,279,2,,,,2009-06-18 15:14:47,2011-01-05 15:08:04.877259
2764,0904-1c,Rock powder,The original plagioclase lherzolite was collected by Eizo in 2000. The rock is all consumed. This powder was made by M. Tanimoto.,2909,,279,2,,,,2009-06-18 15:14:55,2011-01-05 15:08:04.927036
2781,0901-2,Rock,This harzburgite  was collected by Eizo in 2000. Initial work was done by M. Tanimoto.,,,283,1,,,,2009-06-22 00:34:24,2011-01-05 14:45:46.454206
2782,0901-2,Rock,This harzburgite  was collected by Eizo in 2000. Initial work was done by M. Tanimoto.,2781,,284,1,,,,2009-06-22 00:34:32,2011-01-05 14:45:46.46971
2783,0901-4,Rock,This plagioclase lherzolite  was collected by Eizo in 2000. Initial work was done by M. Tanimoto.,,,285,1,,,,2009-06-22 00:34:48,2011-01-05 14:45:46.48459
2784,0902-3,Rock,This harzburgite was collected by Eizo in 2000. Initial work was done by M. Tanimoto.,,,286,1,,,,2009-06-22 00:34:59,2011-01-05 14:45:46.496163
2800,0901-3,Rock,This harzburgite was collected by Eizo in 2000. Initial work was done by M. Tanimoto.,,,290,1,,,,2009-06-23 00:12:08,2011-01-05 14:45:46.100687
2801,0902-1,Rock,This spinel lherzolite was collected by Eizo in 2000. Initial work was done by M. Tanimoto.,,,291,1,,,,2009-06-23 00:12:18,2011-01-05 14:45:45.675537
2803,0902-8,Rock,This plagioclase lherzolite was collected by Eizo in 2000. Initial work was done by M. Tanimoto.,,,293,1,,,,2009-06-23 00:12:35,2011-01-05 14:45:45.837043
2804,0904-1,Rock,This plagioclase lherzolite was collected by Eizo in 2000. Initial work was done by M. Tanimoto.,,,294,1,,,,2009-06-23 00:12:58,2011-01-05 14:45:45.862125
2806,0902-10,Rock,This harzburgite was collected by Eizo in 2000. Initial work was done by M. Tanimoto.,,,296,1,,,,2009-06-24 00:03:57,2011-01-05 14:45:45.850566
2807,0902-11,Rock,This dunite was collected by Eizo in 2000. Initial work was done by M. Tanimoto.,,,297,1,,,,2009-06-24 00:04:11,2011-01-05 14:45:45.875591
2808,0904-2,Rock,This spinel lherzolite was collected by Eizo in 2000. Initial work was done by M. Tanimoto.,,,298,1,,,,2009-06-24 00:04:21,2011-01-05 14:45:45.887145
2900,0901-4a,Rock chips,,2783,,309,132,37,,,2009-07-14 00:07:44,2013-01-28 08:43:31.248332
2901,0901-4b,Rock chips,,2783,,309,132,37,,,2009-07-14 00:07:54,2013-01-28 08:43:31.273279
2902,0901-4c,Rock chips,,2783,,309,132,37,,,2009-07-14 00:08:04,2013-01-28 08:43:31.319669
2903,0902-8a,Rock chips,,,,309,132,37,,,2009-07-14 00:08:14,2013-01-28 08:43:31.221715
2904,0902-8b,Rock chips,,,,309,132,37,,,2009-07-14 00:08:24,2013-01-28 08:43:31.196748
2905,0902-8c,Rock chips,,,,309,132,37,,,2009-07-14 00:08:33,2013-01-28 08:43:31.17399
2907,0904-1a,Rock chips,,2804,,309,132,37,,,2009-07-14 00:08:51,2013-01-28 08:43:31.367067
2908,0904-1b,Rock chips,,2804,,309,132,37,,,2009-07-14 00:09:00,2013-01-28 08:43:31.343144
2909,0904-1c,Rock chips,,2804,,309,132,37,,,2009-07-14 00:09:11,2013-01-28 08:43:31.392027
3210,0901-1 (#60-80),Rock fragments,24.25g of crushed peridotite rocks,2630,,391,132,,,,2009-09-15 06:13:39,2011-01-05 15:47:14.413434
3211,0902-2a (#60-80),Rock fragments,8.51g of crushed peridotite rocks,2693,,391,132,,,,2009-09-15 06:13:48,2011-01-05 15:47:14.430172
3212,0902-2a (<#80),Rock fragments,22.11g of crushed peridotite rocks,2693,,391,132,,,,2009-09-15 06:13:58,2011-01-05 15:47:14.463393
3213,0902-2a (>#60),Rock fragments,38.53g of crushed peridotite rocks,2693,,391,132,,,,2009-09-15 06:14:07,2011-01-05 15:47:14.480107
3248,0902-2,thin-section,Pl-Lherzolite from Horoman,2694,,393,3,,,,2009-09-25 00:19:03,2011-01-05 13:48:11.559083
3288,0901-3 ,Thin sections,Gabbroic rocks,2800,,397,3,,,,2009-10-01 15:12:34,2011-11-22 09:27:03.944371
3290,0902-3,Thin sections,Gabbroic rocks,2784,,397,3,,,,2009-10-02 00:15:33,2011-11-24 09:20:55.747057
3291,0902-3,Thin sections,Gabbroic rocks,2784,,397,3,,,,2009-10-02 00:16:15,2011-11-24 09:20:55.707489
3294,0902-8c,Thin sections,Gabbroic rocks,2803,,,3,,,,2009-10-02 00:16:58,2012-01-31 09:47:23.63912
3299,0903-13,Thin sections,Gabbroic rocks,2667,,397,3,,,,2009-10-02 00:18:14,2011-11-24 09:18:09.362968
3300,0903-13,Thin sections,Gabbroic rocks,2667,,397,3,,,,2009-10-01 15:18:25,2011-11-24 09:18:09.33597
3303,0904-1,Thin sections,Gabbroic rocks,2804,,397,3,,,,2009-10-02 00:18:57,2011-11-17 09:44:23.675937
3304,0904-1,Thin sections,Gabbroic rocks,2804,,397,3,,,,2009-10-02 00:19:05,2011-11-17 09:44:23.599756
3305,0904-1,Thin sections,Gabbroic rocks,2804,,397,3,,,,2009-10-02 00:19:14,2011-11-17 09:44:23.524595
3306,0904-1,Thin sections,Gabbroic rocks,2804,,397,3,,,,2009-10-02 00:19:22,2011-11-17 09:44:23.345505
3307,0904-1a,Thin sections,Gabbroic rocks,2804,,397,3,,,,2009-10-01 15:19:33,2011-11-17 09:44:23.432768
3308,0904-2,Thin sections,Spl-Harzburgite from Horoman,2808,,397,3,,,,2009-10-01 15:19:41,2011-11-24 09:32:01.062235
3312,904-1c,Thin sections,Gabbroic rocks,2783,,397,3,,,,2009-10-01 15:20:20,2012-02-01 09:37:05.767433
3460,I1301,powder,,172,,786,2,,,,2010-01-26 09:33:39.826992,2011-01-05 13:36:01.976223
3564,IB2108,powder,,218,,798,2,,,,2010-02-01 09:56:13.035198,2011-01-05 13:35:58.024951
3565,IB2110,powder,,211,,798,2,,,,2010-02-01 09:56:22.103424,2011-01-05 13:35:57.950255
3566,IB2107,powder,,223,,798,2,,,,2010-02-01 09:56:31.706397,2011-01-05 13:35:58.041644
3567,I2111,powder,,217,,798,2,,,,2010-02-01 09:56:40.92054,2011-01-05 13:35:58.308568
3568,I2116,powder,,210,,798,2,,,,2010-02-01 09:56:49.981301,2011-01-05 13:35:58.258571
3569,I2117,powder,,209,,798,2,,,,2010-02-01 09:56:59.845029,2011-01-05 13:35:58.241668
3570,IB2109,powder,,214,,798,2,,,,2010-02-01 09:57:10.003425,2011-01-05 13:35:57.991645
3571,I2101,powder,,230,,867,2,,,,2010-02-01 09:57:19.2857,2011-01-05 13:36:02.436254
3572,I2106,powder,,226,,867,2,,,,2010-02-01 09:57:28.800444,2011-01-05 13:36:02.302918
3573,I1401,powder,,169,,867,2,,,,2010-02-01 09:57:38.224866,2011-01-05 13:36:02.469631
3574,I2118,powder,,208,,798,2,,,,2010-02-01 09:57:47.796257,2011-01-05 13:35:58.225207
3575,IB2104,powder,,227,,798,2,,,,2010-02-01 09:57:57.067862,2011-01-05 13:35:58.058314
3576,I2115,powder,,212,,798,2,,,,2010-02-01 09:58:06.195967,2011-01-05 13:35:58.291881
3577,IB2102,powder,,235,,798,2,,,,2010-02-01 09:58:14.968965,2011-01-05 13:35:58.091663
3578,IB1607,powder,,147,,867,2,,,,2010-02-01 09:58:24.072897,2011-01-05 13:36:02.236256
3579,IB2103,powder,,225,,798,2,,,,2010-02-01 09:58:33.03292,2011-01-05 13:35:58.075218
3580,I2116,powder,,210,,798,2,,,,2010-02-01 09:58:42.838238,2011-01-05 13:35:58.275216
3581,IB2101,powder,,234,,798,2,,,,2010-02-01 09:58:51.817086,2011-01-05 13:35:58.108496
3583,I1503,powder,,127,,798,2,,,,2010-02-03 09:35:03.997793,2011-01-05 13:35:58.400237
3584,I1602,powder,,136,,798,2,,,,2010-02-03 09:35:13.701452,2011-01-05 13:35:58.374962
3585,I1416,powder,,205,,798,2,,,,2010-02-03 09:35:22.633378,2011-01-05 13:35:58.416876
3586,I1403,powder,,175,,798,2,,,,2010-02-03 09:35:32.070605,2011-01-05 13:35:58.483535
3587,I1407,powder,,191,,798,2,,,,2010-02-03 09:35:41.367703,2011-01-05 13:35:58.450225
3588,I1405,powder,,178,,798,2,,,,2010-02-03 09:35:50.211318,2011-01-05 13:35:58.466696
3589,I1304,powder,,176,,798,2,,,,2010-02-03 09:35:59.55244,2011-01-05 13:35:58.583583
3590,I1505,powder,,137,,798,2,,,,2010-02-03 09:36:09.586774,2011-01-05 13:35:58.384011
3591,I1312,powder,,187,,798,2,,,,2010-02-03 09:36:19.370406,2011-01-05 13:35:58.516936
3592,IB1404,powder,,197,,798,2,,,,2010-02-03 09:36:28.912882,2011-01-05 13:35:58.19169
3594,IB1602,powder,,149,,867,2,,,,2010-02-03 09:36:46.680952,2011-01-05 13:36:02.386266
3596,I1608,powder,,130,,867,2,,,,2010-02-03 09:37:05.497603,2011-01-05 13:36:03.320007
3597,IB1609,powder,,144,,867,2,,,,2010-02-03 09:37:14.906628,2011-01-05 13:36:03.303363
3598,IB1604,powder,,151,,798,2,,,,2010-02-03 09:37:23.980835,2011-01-05 13:35:58.125224
3599,I1604,powder,,134,,867,2,,,,2010-02-03 09:37:33.341834,2011-01-05 13:36:03.270015
3600,I1306,powder,,181,,867,2,,,,2010-02-03 09:37:42.899245,2011-01-05 13:36:02.503233
3601,I1314,powder,,189,,867,2,,,,2010-02-03 09:37:51.905346,2011-01-05 13:36:02.352938
3602,I1404,powder,,177,,867,2,,,,2010-02-03 09:38:01.389412,2011-01-05 13:36:02.403192
3603,I1409,powder,,195,,867,2,,,,2010-02-03 09:38:10.235077,2011-01-05 13:36:02.56966
3604,IB1405,powder,,199,,798,2,,,,2010-02-03 09:38:19.255166,2011-01-05 13:35:58.175221
3605,I2110,powder,,219,,867,2,,,,2010-02-03 09:38:29.96125,2011-01-05 13:36:02.843667
3606,I1406,powder,,180,,867,2,,,,2010-02-03 09:38:38.897444,2011-01-05 13:36:02.536344
3607,I1509,powder,,141,,867,2,,,,2010-02-03 09:38:47.811204,2011-01-05 13:36:03.236533
3608,IB1402,powder,,192,,867,2,,,,2010-02-03 09:38:57.155588,2011-01-05 13:36:02.269574
3609,IB1401,powder,,171,,798,2,,,,2010-02-03 09:39:07.471091,2011-01-05 13:35:58.208492
3610,IB1403,powder,,194,,867,2,,,,2010-02-03 09:39:17.824856,2011-01-05 13:36:02.619658
3611,I1417,powder,,206,,867,2,,,,2010-02-03 09:39:27.101132,2011-01-05 13:36:03.186279
3612,I1309,powder,,184,,867,2,,,,2010-02-03 09:39:36.255769,2011-01-05 13:36:03.152936
3613,IB1610,powder,,145,,867,2,,,,2010-02-03 09:39:45.633395,2011-01-05 13:36:02.486313
3614,I1305,powder,,179,,867,2,,,,2010-02-03 09:39:55.004853,2011-01-05 13:36:02.60322
3615,I1605,powder,,131,,867,2,,,,2010-02-03 09:40:06.316178,2011-01-05 13:36:03.169561
3616,I1507,powder,,139,,867,2,,,,2010-02-03 09:40:15.357948,2011-01-05 13:36:03.370207
3617,IB1406,powder,,200,,798,2,,,,2010-02-03 09:40:24.616691,2011-01-05 13:35:58.15849
3618,I1402,powder,,170,,867,2,,,,2010-02-03 09:40:33.710422,2011-01-05 13:36:02.586277
3619,I1418,powder,,207,,867,2,,,,2010-02-03 09:40:43.076396,2011-01-05 13:36:02.94368
3620,I2105,powder,,224,,867,2,,,,2010-02-03 09:40:53.514928,2011-01-05 13:36:02.252915
3621,I1413,powder,,202,,798,2,,,,2010-02-03 09:41:02.879661,2011-01-05 13:35:58.43358
3622,I1303,powder,,174,,798,2,,,,2010-02-03 09:41:11.842272,2011-01-05 13:35:58.600243
3623,I1410,powder,,196,,867,2,,,,2010-02-03 09:41:20.925572,2011-01-05 13:36:02.369637
3624,I1501,powder,,125,,867,2,,,,2010-02-03 09:41:29.937999,2011-01-05 13:36:03.219534
3625,IB2106,powder,,222,,867,2,,,,2010-02-03 09:41:39.160487,2011-01-05 13:36:03.136517
3626,I2205,powder,,159,,867,2,,,,2010-02-03 09:41:48.350793,2011-01-05 13:36:02.419643
3627,I1607,powder,,129,,867,2,,,,2010-02-03 09:41:57.475075,2011-01-05 13:36:02.902209
3628,I1408,powder,,193,,867,2,,,,2010-02-03 09:42:07.191992,2011-01-05 13:36:02.877974
3629,IB1603,powder,,150,,798,2,,,,2010-02-03 09:42:16.28893,2011-01-05 13:35:58.141661
3630,I2113,powder,,215,,867,2,,,,2010-02-03 09:42:25.6107,2011-01-05 13:36:03.286654
3631,I1506,powder,,138,,867,2,,,,2010-02-03 09:42:35.41849,2011-01-05 13:36:03.202946
3632,IB1608,powder,,143,,867,2,,,,2010-02-03 09:42:44.596324,2011-01-05 13:36:02.636452
3633,I1310,powder,,185,,798,2,,,,2010-02-03 09:42:54.033336,2011-01-05 13:35:58.550269
3634,I1311,powder,,186,,798,2,,,,2010-02-03 09:43:03.444807,2011-01-05 13:35:58.533574
3635,I1308,powder,,183,,798,2,,,,2010-02-03 09:43:12.863908,2011-01-05 13:35:58.566933
3636,I2109,powder,,221,,798,2,,,,2010-02-03 09:43:22.556596,2011-01-05 13:35:58.325219
3637,I1313,powder,,188,,798,2,,,,2010-02-03 09:43:31.547767,2011-01-05 13:35:58.500255
3638,I1508,powder,,140,,867,2,,,,2010-02-03 09:43:40.753646,2011-01-05 13:36:03.253283
3639,I1302,powder,,173,,798,2,,,,2010-02-03 09:43:50.649631,2011-01-05 13:35:58.617204
3640,I1415,powder,,204,,867,2,,,,2010-02-03 09:43:59.624508,2011-01-05 13:36:02.286252
3641,IB2202,powder,,157,,867,2,,,,2010-02-03 09:44:08.834958,2011-01-05 13:36:02.519672
3642,I1315,powder,,190,,867,2,,,,2010-02-03 09:44:18.260604,2011-01-05 13:36:02.319582
3643,I2104,powder,,233,,798,2,,,,2010-02-03 09:44:27.75872,2011-01-05 13:35:58.341841
3644,I2114,powder,,213,,867,2,,,,2010-02-03 09:44:36.745692,2011-01-05 13:36:03.353407
3645,I1510,powder,,142,,867,2,,,,2010-02-03 09:44:45.904692,2011-01-05 13:36:02.336289
3646,I1307,powder,,182,,867,2,,,,2010-02-03 09:44:54.815676,2011-01-05 13:36:02.553242
3647,I2112,powder,,216,,867,2,,,,2010-02-03 09:45:06.523266,2011-01-05 13:36:03.336662
3648,I1414,powder,,203,,867,2,,,,2010-02-03 09:45:15.743386,2011-01-05 13:36:02.453152
3649,I1606,powder,,132,,798,2,,,,2010-02-03 09:45:24.888031,2011-01-05 13:35:58.35856
3659,I2203,powder,,156,,799,2,,,,2010-02-05 12:03:23.216344,2011-01-05 13:35:56.30896
3660,I2202,powder,,155,,799,2,,,,2010-02-05 12:03:33.021289,2011-01-05 13:35:56.325601
3661,I1605,powder,,131,,799,2,,,,2010-02-05 12:03:44.486842,2011-01-05 13:35:56.658979
3662,IB2102,powder,,235,,799,2,,,,2010-02-05 12:03:54.784791,2011-01-05 13:35:55.758001
3663,I1401,powder,,169,,799,2,,,,2010-02-05 12:04:04.598349,2011-01-05 13:35:57.341609
3664,I1412,powder,,201,,799,2,,,,2010-02-05 12:04:15.051317,2011-01-05 13:35:57.175002
3665,IB2107,powder,,223,,799,2,,,,2010-02-05 12:04:25.450442,2011-01-05 13:35:55.674446
3666,I1415,powder,,204,,799,2,,,,2010-02-05 12:04:35.964469,2011-01-05 13:35:57.009252
3667,I1504,powder,,128,,799,2,,,,2010-02-05 12:04:48.498891,2011-01-05 13:35:56.909233
3668,IB1610,powder,,145,,799,2,,,,2010-02-05 12:04:58.002124,2011-01-05 13:35:55.791365
3669,I1607,powder,,129,,799,2,,,,2010-02-05 12:05:10.424955,2011-01-05 13:35:56.625662
3670,IB2106,powder,,222,,799,2,,,,2010-02-05 12:05:20.18645,2011-01-05 13:35:55.690977
3671,IB1406,powder,,200,,799,2,,,,2010-02-05 12:05:30.607572,2011-01-05 13:35:55.958
3672,I2204,powder,,158,,799,2,,,,2010-02-05 12:05:40.840455,2011-01-05 13:35:56.292288
3673,IB2105,powder,,229,,799,2,,,,2010-02-05 12:05:51.458163,2011-01-05 13:35:55.707678
3675,I1508,powder,,140,,799,2,,,,2010-02-05 12:09:53.900552,2011-01-05 13:35:56.809239
3676,I1402,powder,,170,,799,2,,,,2010-02-05 12:10:07.221471,2011-01-05 13:35:57.324932
3677,I1507,powder,,139,,799,2,,,,2010-02-05 12:10:18.196977,2011-01-05 13:35:56.825659
3678,IB2201,powder,,234,,799,2,,,,2010-02-05 12:10:28.880495,2011-01-05 13:35:55.449281
3679,I1502,powder,,126,,799,2,,,,2010-02-05 12:10:38.392338,2011-01-05 13:35:56.925664
3680,I2207,powder,,162,,799,2,,,,2010-02-05 12:10:47.935121,2011-01-05 13:35:56.241313
3681,IB1401,powder,,171,,799,2,,,,2010-02-05 12:10:58.043717,2011-01-05 13:35:56.041338
3682,I2106,powder,,226,,799,2,,,,2010-02-05 12:11:08.01915,2011-01-05 13:35:56.542305
3683,I1406,powder,,180,,799,2,,,,2010-02-05 12:11:17.810359,2011-01-05 13:35:57.274925
3684,IB1607,powder,,147,,799,2,,,,2010-02-05 12:11:27.337346,2011-01-05 13:35:55.858019
3685,IB2103,powder,,225,,799,2,,,,2010-02-05 12:11:37.114255,2011-01-05 13:35:55.741297
3686,I1602,powder,,136,,799,2,,,,2010-02-05 12:11:46.67562,2011-01-05 13:35:56.708978
3688,I1404,powder,,177,,799,2,,,,2010-02-05 12:12:07.636055,2011-01-05 13:35:57.308258
3689,IB2104,powder,,227,,799,2,,,,2010-02-05 12:12:18.331343,2011-01-05 13:35:55.724533
3690,I1311,powder,,186,,799,2,,,,2010-02-05 12:12:28.504399,2011-01-05 13:35:57.408273
3691,I1309,powder,,184,,799,2,,,,2010-02-05 12:12:39.294047,2011-01-05 13:35:57.441611
3692,I1304,powder,,176,,799,2,,,,2010-02-05 12:12:49.054814,2011-01-05 13:35:57.541521
3694,I1303,powder,,174,,799,2,,,,2010-02-08 09:25:53.057173,2011-01-05 13:35:57.558252
3695,I1510,powder,,142,,799,2,,,,2010-02-08 09:26:02.436935,2011-01-05 13:35:56.775658
3696,I1301,powder,,172,,799,2,,,,2010-02-08 09:55:42.935838,2011-01-05 13:35:57.591644
3697,I1306,powder,,181,,799,2,,,,2010-02-08 09:56:47.037377,2011-01-05 13:35:57.491519
3698,I1302,powder,,173,,799,2,,,,2010-02-08 09:57:03.599785,2011-01-05 13:35:57.575199
3699,I1305,powder,,179,,799,2,,,,2010-02-08 09:57:14.870614,2011-01-05 13:35:57.524933
3700,I1308,powder,,183,,799,2,,,,2010-02-08 09:57:25.777909,2011-01-05 13:35:57.45827
3701,I1315,powder,,190,,799,2,,,,2010-02-08 09:57:38.570203,2011-01-05 13:35:57.358293
3702,I1307,powder,,182,,799,2,,,,2010-02-08 09:57:49.607949,2011-01-05 13:35:57.474933
3703,I1411,powder,,198,,799,2,,,,2010-02-08 09:58:00.586678,2011-01-05 13:35:57.191609
3704,I1409,powder,,195,,799,2,,,,2010-02-08 09:58:11.218948,2011-01-05 13:35:57.224922
3705,I1418,powder,,207,,799,2,,,,2010-02-08 09:58:24.144886,2011-01-05 13:35:56.975666
3706,IB1601,powder,,148,,799,2,,,,2010-02-08 09:58:35.931284,2011-01-05 13:35:55.941269
3707,I2114,powder,,213,,799,2,,,,2010-02-08 09:58:45.877169,2011-01-05 13:35:56.458952
3708,I2115,powder,,212,,799,2,,,,2010-02-08 09:58:56.917746,2011-01-05 13:35:56.442247
3709,I1413,powder,,202,,799,2,,,,2010-02-08 09:59:23.682609,2011-01-05 13:35:57.042533
3711,I1601,powder,,135,,799,2,,,,2010-02-08 10:00:53.023763,2011-01-05 13:35:56.75926
3712,IB1403,powder,,175,,799,2,,,,2010-02-08 10:01:03.765515,2011-01-05 13:35:56.007977
3713,I2213,powder,,895,,799,2,,,,2010-02-08 10:01:17.02983,2011-01-05 13:35:56.124618
3715,I2105,powder,,224,,799,2,,,,2010-02-08 10:01:39.580629,2011-01-05 13:35:56.558952
3716,I2208,powder,,163,,799,2,,,,2010-02-08 10:01:50.745486,2011-01-05 13:35:56.224659
3717,IB2109,powder,,214,,799,2,,,,2010-02-08 10:02:02.350861,2011-01-05 13:35:55.641033
3718,I1405,powder,,178,,799,2,,,,2010-02-08 10:02:14.248532,2011-01-05 13:35:57.29183
3719,IB1609,powder,,144,,799,2,,,,2010-02-08 10:02:26.708325,2011-01-05 13:35:55.824623
3720,IB2204,powder,,164,,799,2,,,,2010-02-08 10:02:40.507943,2011-01-05 13:35:55.415988
3721,I1414,powder,,203,,799,2,,,,2010-02-08 10:02:51.682396,2011-01-05 13:35:57.026029
3722,I1408,powder,,193,,799,2,,,,2010-02-08 10:03:02.403707,2011-01-05 13:35:57.24158
3723,I2212,powder,,894,,799,2,,,,2010-02-08 10:03:15.538773,2011-01-05 13:35:56.141298
3724,IB1605,powder,,152,,799,2,,,,2010-02-08 10:04:29.586825,2011-01-05 13:35:55.891334
3725,I2104,powder,,233,,799,2,,,,2010-02-08 10:04:48.408198,2011-01-05 13:35:56.575611
3726,I2110,powder,,219,,799,2,,,,2010-02-08 10:05:42.325848,2011-01-05 13:35:56.525603
3727,IB2205,powder,,166,,799,2,,,,2010-02-08 10:07:07.214862,2011-01-05 13:35:55.399295
3728,IB1404,powder,,197,,799,2,,,,2010-02-08 10:07:17.155053,2011-01-05 13:35:55.991335
3729,I1410,powder,,196,,799,2,,,,2010-02-08 10:07:29.880728,2011-01-05 13:35:57.208241
3730,I1312,powder,,187,,799,2,,,,2010-02-08 10:07:40.497018,2011-01-05 13:35:57.391577
3731,I1305,powder,,179,,799,2,,,,2010-02-08 10:07:51.204826,2011-01-05 13:35:57.508266
3732,IB1609,powder,,144,,799,2,,,,2010-02-08 10:08:02.044375,2011-01-05 13:35:55.808203
3733,I2118,powder,,208,,799,2,,,,2010-02-08 10:08:12.805677,2011-01-05 13:35:56.358947
3735,I2112,powder,,216,,799,2,,,,2010-02-08 10:08:40.760255,2011-01-05 13:35:56.492267
3736,I1602,powder,,136,,799,2,,,,2010-02-08 10:08:51.391052,2011-01-05 13:35:56.725648
3738,IB1603,powder,,150,,799,2,,,,2010-02-08 10:09:13.427895,2011-01-05 13:35:55.924642
3739,IB1606,powder,,146,,799,2,,,,2010-02-08 10:09:24.439499,2011-01-05 13:35:55.874627
3740,I2209,powder,,165,,799,2,,,,2010-02-08 10:09:34.210337,2011-01-05 13:35:56.207972
3741,I2205,powder,,159,,799,2,,,,2010-02-08 10:09:45.043703,2011-01-05 13:35:56.275633
3742,IB1402,powder,,192,,799,2,,,,2010-02-08 10:09:55.719237,2011-01-05 13:35:56.024648
3743,I2116,powder,,210,,799,2,,,,2010-02-10 09:22:38.767609,2011-01-05 13:35:56.425597
3744,I2113,powder,,215,,799,2,,,,2010-02-10 09:22:48.205362,2011-01-05 13:35:56.475602
3745,I1313,powder,,188,,799,2,,,,2010-02-10 09:22:57.136741,2011-01-05 13:35:57.374934
3746,I2206,powder,,161,,799,2,,,,2010-02-10 09:23:06.044716,2011-01-05 13:35:56.258987
3747,I1604,powder,,134,,799,2,,,,2010-02-10 09:23:14.992655,2011-01-05 13:35:56.675647
3748,I1603,powder,,133,,799,2,,,,2010-02-10 09:23:24.473175,2011-01-05 13:35:56.692256
3749,IB2110,powder,,211,,799,2,,,,2010-02-10 09:23:33.624196,2011-01-05 13:35:55.627671
3750,IB2206,powder,,168,,799,2,,,,2010-02-10 09:23:42.65142,2011-01-05 13:35:55.382615
3752,I1407,powder,,191,,799,2,,,,2010-02-10 09:24:01.550153,2011-01-05 13:35:57.258269
3754,I1506,powder,,138,,799,2,,,,2010-02-10 09:24:20.252237,2011-01-05 13:35:56.842311
3755,I2201,powder,,154,,799,2,,,,2010-02-10 09:24:29.377776,2011-01-05 13:35:56.342256
3756,I2118,powder,,208,,799,2,,,,2010-02-10 09:24:38.809762,2011-01-05 13:35:56.375633
3757,I2111,powder,,217,,799,2,,,,2010-02-10 09:24:48.329309,2011-01-05 13:35:56.508946
3758,I2118,powder,,208,,799,2,,,,2010-02-10 09:24:57.908186,2011-01-05 13:35:56.392275
3759,IB1604,powder,,151,,799,2,,,,2010-02-10 09:25:09.577977,2011-01-05 13:35:55.908
3760,IB1609,,,144,,,132,,,,2010-02-10 09:25:19.694338,2012-02-11 12:22:42.743696
3761,I1307,,,182,,,134,33,,,2010-02-10 09:25:28.955258,2013-01-28 09:02:16.784143
3762,I1307,,,182,,,134,33,,,2010-02-10 09:25:38.176093,2013-01-28 09:02:16.767571
3763,I1506,powder,,138,,799,2,,,,2010-02-10 09:25:47.530491,2011-01-05 13:35:56.859226
3764,I1416,powder,,205,,799,2,,,,2010-02-10 09:25:56.885092,2011-01-05 13:35:56.992551
3765,I1301,powder,,172,,799,2,,,,2010-02-10 09:26:06.552589,2011-01-05 13:35:57.608342
3766,IB1608,powder,,143,,799,2,,,,2010-02-10 09:26:15.65182,2011-01-05 13:35:55.841436
3767,I2102,powder,,231,,799,2,,,,2010-02-10 09:26:25.076068,2011-01-05 13:35:56.608956
3768,I1310,powder,,185,,799,2,,,,2010-02-10 09:26:34.256316,2011-01-05 13:35:57.424935
3769,IB2101,powder,,234,,799,2,,,,2010-02-10 09:26:43.456767,2011-01-05 13:35:55.774644
3770,I1305,,,179,,,134,33,,,2010-02-10 09:26:53.131817,2013-01-28 09:02:16.742278
3771,I1602,powder,,136,,799,2,,,,2010-02-10 09:27:02.333529,2011-01-05 13:35:56.742318
3772,I2103,powder,,232,,799,2,,,,2010-02-10 09:27:11.163398,2011-01-05 13:35:56.59225
3773,I1509,powder,,141,,799,2,,,,2010-02-10 09:27:20.098732,2011-01-05 13:35:56.792385
3775,IB1405,powder,,199,,799,2,,,,2010-02-10 09:27:39.207969,2011-01-05 13:35:55.974678
3776,I1301,powder,,172,,799,2,,,,2010-02-10 09:27:48.892366,2011-01-05 13:35:57.624973
3777,I1606,powder,,132,,799,2,,,,2010-02-10 09:27:58.649971,2011-01-05 13:35:56.642265
3778,I2211,powder,,893,,799,2,,,,2010-02-10 09:28:08.11401,2011-01-05 13:35:56.157968
3779,I1505,powder,,137,,799,2,,,,2010-02-10 09:28:17.141608,2011-01-05 13:35:56.875651
3780,IB2108,powder,,218,,799,2,,,,2010-02-10 09:28:26.516225,2011-01-05 13:35:55.657603
3781,I2117,powder,,209,,799,2,,,,2010-02-10 09:28:35.692475,2011-01-05 13:35:56.408938
3782,IB2202,powder,,157,,799,2,,,,2010-02-10 09:28:44.830717,2011-01-05 13:35:55.432583
3783,I1505,powder,,137,,799,2,,,,2010-02-10 09:28:54.819233,2011-01-05 13:35:56.892465
3784,I2108,powder,,220,,800,2,,,,2010-02-16 09:33:48.766447,2011-01-05 13:35:55.049232
3785,I2103,powder,,232,,800,2,,,,2010-02-16 09:33:57.982493,2011-01-05 13:35:55.182464
3786,I2102,powder,,231,,800,2,,,,2010-02-16 09:34:06.994956,2011-01-05 13:35:55.199206
3787,IB1606,powder,,146,,800,2,,,,2010-02-16 09:34:16.505086,2011-01-05 13:35:54.682263
3788,IB1605,powder,,152,,800,2,,,,2010-02-16 09:34:25.378176,2011-01-05 13:35:54.698937
3789,IB1601,powder,,148,,800,2,,,,2010-02-16 09:34:34.773286,2011-01-05 13:35:54.715524
3790,I2114,powder,,213,,800,2,,,,2010-02-16 09:34:43.759433,2011-01-05 13:35:54.999306
3791,I2113,powder,,215,,800,2,,,,2010-02-16 09:34:52.767987,2011-01-05 13:35:55.015659
3792,I2111,powder,,217,,800,2,,,,2010-02-16 09:35:04.380169,2011-01-05 13:35:55.032483
3793,I1502,powder,,126,,800,2,,,,2010-02-16 09:35:13.758811,2011-01-05 13:35:55.26594
3794,I1601,powder,,135,,800,2,,,,2010-02-16 09:35:23.143788,2011-01-05 13:35:55.232491
3795,I1603,powder,,133,,800,2,,,,2010-02-16 09:35:32.211556,2011-01-05 13:35:55.215659
3796,I2213,powder,,895,,800,2,,,,2010-02-16 09:35:41.193553,2011-01-05 13:35:54.798956
3797,I2212,powder,,894,,800,2,,,,2010-02-16 09:35:50.207453,2011-01-05 13:35:54.815602
3798,I2211,powder,,893,,800,2,,,,2010-02-16 09:35:59.401538,2011-01-05 13:35:54.832191
3799,I1412,powder,,201,,800,2,,,,2010-02-16 09:36:08.739474,2011-01-05 13:35:55.282585
3800,I1411,powder,,198,,800,2,,,,2010-02-16 09:36:17.742054,2011-01-05 13:35:55.299239
3801,I2107,powder,,228,,800,2,,,,2010-02-16 09:36:26.872291,2011-01-05 13:35:55.065692
3802,I2204,powder,,158,,800,2,,,,2010-02-16 09:36:36.017092,2011-01-05 13:35:54.932252
3803,I2203,powder,,156,,800,2,,,,2010-02-16 09:36:45.009044,2011-01-05 13:35:54.949202
3804,I2202,powder,,155,,800,2,,,,2010-02-16 09:36:54.296655,2011-01-05 13:35:54.965659
3805,I2201,powder,,154,,800,2,,,,2010-02-16 09:37:03.296312,2011-01-05 13:35:54.982433
3806,I2209,powder,,165,,800,2,,,,2010-02-16 09:37:12.216331,2011-01-05 13:35:54.865635
3807,I2208,powder,,163,,800,2,,,,2010-02-16 09:37:21.192905,2011-01-05 13:35:54.882245
3808,I2207,powder,,162,,800,2,,,,2010-02-16 09:37:30.35077,2011-01-05 13:35:54.898947
3809,I2206,powder,,161,,800,2,,,,2010-02-16 09:37:39.34665,2011-01-05 13:35:54.915604
3810,IB2105,powder,,229,,800,2,,,,2010-02-16 09:37:48.441416,2011-01-05 13:35:54.665592
3811,IB2105-2,powder,,229,,800,2,,,,2010-02-16 09:37:57.687766,2011-01-05 13:35:54.648664
3812,I2105,powder,,224,,800,2,,,,2010-02-16 09:38:06.584902,2011-01-05 13:35:55.165659
3813,IB2203,powder,,160,,800,2,,,,2010-02-16 09:38:15.524874,2011-01-05 13:35:54.615576
3814,I1504,powder,,128,,800,2,,,,2010-02-16 09:38:24.582119,2011-01-05 13:35:55.249221
3815,I2210,powder,,167,,800,2,,,,2010-02-16 09:38:33.652978,2011-01-05 13:35:54.848942
3820,IB2201,powder,,153,,800,2,,,,2010-02-16 09:41:38.567757,2011-01-05 13:35:54.632204
3821,IB2204,powder,,164,,800,2,,,,2010-02-16 09:41:47.427788,2011-01-05 13:35:54.598663
3822,IB2205,powder,,166,,800,2,,,,2010-02-16 09:41:56.36846,2011-01-05 13:35:54.582236
3823,IB2206,powder,,168,,800,2,,,,2010-02-16 09:42:05.146346,2011-01-05 13:35:54.56556
3826,I1301,thin section,,172,,801,3,,,,2010-02-19 09:16:39.949842,2011-01-05 13:36:11.157238
3827,I1302,thin section,,173,,801,3,,,,2010-02-19 09:16:55.575731,2011-01-05 13:36:11.141169
3828,I1303,thin section,,174,,801,3,,,,2010-02-19 09:17:10.469517,2011-01-05 13:36:11.132486
3829,I1304,thin section,,176,,801,3,,,,2010-02-19 09:17:21.977281,2011-01-05 13:36:11.124247
3830,I1305,thin section,,179,,801,3,,,,2010-02-19 09:17:37.849845,2011-01-05 13:36:11.11617
3831,I1306,thin section,,181,,801,3,,,,2010-02-19 09:17:47.343969,2011-01-05 13:36:11.10751
3832,I1307,thin section,,182,,801,3,,,,2010-02-19 09:17:58.152276,2011-01-05 13:36:11.099215
3833,I1308,thin section,,183,,801,3,,,,2010-02-19 09:18:08.033602,2011-01-05 13:36:11.091201
3834,I1309,thin section,,184,,801,3,,,,2010-02-19 09:18:17.384724,2011-01-05 13:36:11.082493
3835,I1310,thin section,,185,,801,3,,,,2010-02-19 09:18:26.819025,2011-01-05 13:36:11.066425
3836,I1311,thin section,,186,,801,3,,,,2010-02-19 09:18:36.233122,2011-01-05 13:36:11.057538
3837,I1312,thin section,,187,,801,3,,,,2010-02-19 09:18:46.239786,2011-01-05 13:36:11.048921
3838,I1313,thin section,,188,,801,3,,,,2010-02-19 09:18:55.918068,2011-01-05 13:36:11.032825
3839,I1314,thin section,,189,,801,3,,,,2010-02-19 09:19:05.513047,2011-01-05 13:36:10.899795
3840,I1315,thin section,,190,,801,3,,,,2010-02-19 09:19:15.286651,2011-01-05 13:36:10.890759
3841,IB1401,thin section,,171,,801,3,,,,2010-02-19 09:19:24.823026,2011-01-05 13:36:10.157354
3842,IB1402,thin section,,192,,801,3,,,,2010-02-19 09:19:34.606593,2011-01-05 13:36:10.14892
3843,IB1403,thin section,,194,,801,3,,,,2010-02-19 09:19:43.870785,2011-01-05 13:36:10.140274
3844,IB1404,thin section,,197,,801,3,,,,2010-02-19 09:19:53.048486,2011-01-05 13:36:10.124037
3845,IB1405,thin section,,199,,801,3,,,,2010-02-19 09:20:04.700719,2011-01-05 13:36:10.115509
3846,IB1406,thin section,,200,,801,3,,,,2010-02-19 09:20:13.973087,2011-01-05 13:36:10.099597
3847,I1401,thin section,,169,,801,3,,,,2010-02-19 09:20:23.157942,2011-01-05 13:36:10.88219
3848,I1402,thin section,,170,,801,3,,,,2010-02-19 09:20:32.361555,2011-01-05 13:36:10.86602
3849,I1403,thin section,,175,,801,3,,,,2010-02-19 09:20:41.716861,2011-01-05 13:36:10.85744
3850,I1404,thin section,,177,,801,3,,,,2010-02-19 09:20:50.932551,2011-01-05 13:36:10.841909
3852,I1405,thin section,,178,,801,3,,,,2010-02-22 09:07:41.899911,2011-01-05 13:36:10.832418
3853,I1406,thin section,,180,,801,3,,,,2010-02-22 09:07:51.920755,2011-01-05 13:36:10.824188
3854,I1407,thin section,,191,,801,3,,,,2010-02-22 09:08:02.078616,2011-01-05 13:36:10.816095
3855,I1408,thin section,,193,,801,3,,,,2010-02-22 09:08:12.993986,2011-01-05 13:36:10.807416
3856,I1409,thin section,,195,,801,3,,,,2010-02-22 09:08:23.638527,2011-01-05 13:36:10.798821
3857,I1410,thin section,,196,,801,3,,,,2010-02-22 09:08:33.926788,2011-01-05 13:36:10.782848
3858,I1411,thin section,,198,,801,3,,,,2010-02-22 09:08:43.37696,2011-01-05 13:36:10.774265
3859,I1412,thin section,,201,,801,3,,,,2010-02-22 09:08:52.3141,2011-01-05 13:36:10.765771
3860,I1413,thin section,,202,,801,3,,,,2010-02-22 09:09:01.632496,2011-01-05 13:36:10.757206
3861,I1414,thin section,,203,,801,3,,,,2010-02-22 09:09:11.049142,2011-01-05 13:36:10.741102
3862,I1415,thin section,,204,,801,3,,,,2010-02-22 09:09:20.031024,2011-01-05 13:36:10.732446
3863,I1416,thin section,,205,,801,3,,,,2010-02-22 09:09:30.762439,2011-01-05 13:36:10.724189
3864,I1417,thin section,,206,,801,3,,,,2010-02-22 09:09:40.034729,2011-01-05 13:36:10.716031
3865,I1418,thin section,,207,,801,3,,,,2010-02-22 09:09:49.028131,2011-01-05 13:36:10.707443
3866,I1501,thin section,,125,,801,3,,,,2010-02-22 09:09:58.99321,2011-01-05 13:36:10.698827
3867,I1502,thin section,,126,,801,3,,,,2010-02-22 09:10:10.861523,2011-01-05 13:36:10.682837
3868,I1503,thin section,,127,,801,3,,,,2010-02-22 09:12:32.905377,2011-01-05 13:36:10.674284
3869,I1504,thin section,,128,,801,3,,,,2010-02-22 09:12:42.100484,2011-01-05 13:36:10.665347
3870,I1505,thin section,,137,,801,3,,,,2010-02-22 09:12:51.372344,2011-01-05 13:36:10.64936
3871,I1506,thin section,,138,,801,3,,,,2010-02-22 09:13:00.90755,2011-01-05 13:36:10.640381
3872,I1507,thin section,,139,,801,3,,,,2010-02-22 09:13:10.134495,2011-01-05 13:36:10.624357
3873,I1508,thin section,,140,,801,3,,,,2010-02-22 09:13:19.63983,2011-01-05 13:36:10.615295
3874,I1509,thin section,,141,,801,3,,,,2010-02-22 09:13:28.794201,2011-01-05 13:36:10.599291
3875,I1510,thin section,,142,,801,3,,,,2010-02-22 09:13:38.020519,2011-01-05 13:36:10.590616
3876,I1601,thin section,,135,,801,3,,,,2010-02-22 09:13:47.26971,2011-01-05 13:36:10.582288
3877,I1602,thin section,,136,,801,3,,,,2010-02-22 09:48:00.002293,2011-01-05 13:36:10.574264
3878,I1603,thin section,,133,,801,3,,,,2010-02-22 09:48:13.279468,2011-01-05 13:36:10.565328
3879,I1604,thin section,,134,,801,3,,,,2010-02-22 09:48:24.217114,2011-01-05 13:36:10.549634
3880,I1605,thin section,,131,,801,3,,,,2010-02-22 09:48:42.346292,2011-01-05 13:36:10.540628
3881,I1606,thin section,,132,,801,3,,,,2010-02-22 09:48:55.4735,2011-01-05 13:36:10.532452
3882,I1607,thin section,,129,,801,3,,,,2010-02-22 09:49:11.265672,2011-01-05 13:36:10.524073
3883,I1608,thin section,,130,,801,3,,,,2010-02-22 09:49:21.544779,2011-01-05 13:36:10.515312
3884,IB1601,thin section,,148,,801,3,,,,2010-02-22 09:49:32.623035,2011-01-05 13:36:10.090615
3885,IB1602,thin section,,149,,801,3,,,,2010-02-22 09:50:23.204296,2011-01-05 13:36:10.081944
3886,IB1603,thin section,,150,,801,3,,,,2010-02-22 09:50:34.368337,2011-01-05 13:36:10.065475
3887,IB1604,thin section,,151,,801,3,,,,2010-02-22 09:51:34.996768,2011-01-05 13:36:10.049211
3888,IB1605,thin section,,152,,801,3,,,,2010-02-22 09:51:45.237507,2011-01-05 13:36:10.040414
3889,IB1606,thin section,,146,,801,3,,,,2010-02-22 09:51:56.078414,2011-01-05 13:36:10.03184
3890,IB1607,thin section,,147,,801,3,,,,2010-02-22 09:52:21.324963,2011-01-05 13:36:10.015837
3891,IB1608,thin section,,143,,801,3,,,,2010-02-22 09:52:31.686072,2011-01-05 13:36:10.007212
3892,IB1609,thin section,,144,,801,3,,,,2010-02-22 09:52:42.242238,2011-01-05 13:36:09.998633
3893,IB1610,thin section,,145,,801,3,,,,2010-02-22 09:52:53.077376,2011-01-05 13:36:09.990755
3894,I2101,thin section,,230,,801,3,,,,2010-02-22 09:53:03.160995,2011-01-05 13:36:10.499268
3895,I2102,thin section,,231,,801,3,,,,2010-02-22 09:53:13.019247,2011-01-05 13:36:10.490636
3896,I2103,thin section,,232,,801,3,,,,2010-02-22 09:53:37.055669,2011-01-05 13:36:10.482307
3897,I2104,thin section,,233,,801,3,,,,2010-02-22 09:53:50.437314,2011-01-05 13:36:10.474285
3898,I2105,thin section,,224,,801,3,,,,2010-02-22 09:54:18.896246,2011-01-05 13:36:10.465637
3899,I2106,thin section,,226,,801,3,,,,2010-02-22 09:54:32.426958,2011-01-05 13:36:10.449638
3900,I2107,thin section,,228,,801,3,,,,2010-02-22 09:54:44.697231,2011-01-05 13:36:10.440626
3901,I2108,thin section,,220,,801,3,,,,2010-02-22 09:55:14.129142,2011-01-05 13:36:10.432469
3902,I2109,thin section,,221,,801,3,,,,2010-02-24 09:31:37.895772,2011-01-05 13:36:10.423659
3903,I2110,thin section,,219,,801,3,,,,2010-02-24 09:31:47.519822,2011-01-05 13:36:10.407826
3904,I2111,thin section,,217,,801,3,,,,2010-02-24 09:31:56.798647,2011-01-05 13:36:10.399136
3905,I2112,thin section,,216,,801,3,,,,2010-02-24 09:32:06.218448,2011-01-05 13:36:10.390589
3906,I2113,thin section,,215,,801,3,,,,2010-02-24 09:32:16.163994,2011-01-05 13:36:10.382298
3907,I2114,thin section,,213,,801,3,,,,2010-02-24 09:32:25.387379,2011-01-05 13:36:10.248909
3908,I2115,thin section,,212,,801,3,,,,2010-02-24 09:32:34.47514,2011-01-05 13:36:10.240528
3909,I2116,thin section,,210,,801,3,,,,2010-02-24 09:32:44.039842,2011-01-05 13:36:10.232503
3910,I2117,thin section,,209,,801,3,,,,2010-02-24 09:32:53.306236,2011-01-05 13:36:10.223903
3911,I2118,thin section,,208,,801,3,,,,2010-02-24 09:33:02.814477,2011-01-05 13:36:10.215577
3912,IB2101,thin section,,234,,801,3,,,,2010-02-24 09:33:12.253071,2011-01-05 13:36:09.982177
3913,IB2102,thin section,,235,,801,3,,,,2010-02-24 09:33:21.655348,2011-01-05 13:36:09.973707
3914,IB2103,thin section,,225,,801,3,,,,2010-02-24 09:33:30.793329,2011-01-05 13:36:09.965348
3915,IB2104,thin section,,227,,801,3,,,,2010-02-24 09:33:40.020778,2011-01-05 13:36:09.953379
3916,IB2105,thin section,,229,,801,3,,,,2010-02-24 09:33:49.882908,2011-01-05 13:36:09.782136
3917,IB2106,thin section,,222,,801,3,,,,2010-02-24 09:33:59.274246,2011-01-05 13:36:09.773617
3918,IB2107,thin section,,223,,801,3,,,,2010-02-24 09:34:08.490122,2011-01-05 13:36:09.76544
3919,IB2108,thin section,,218,,801,3,,,,2010-02-24 09:34:17.822188,2011-01-05 13:36:09.75733
3920,IB2109,thin section,,214,,801,3,,,,2010-02-24 09:34:27.219123,2011-01-05 13:36:09.748354
3921,IB2110,thin section,,211,,801,3,,,,2010-02-24 09:34:36.305407,2011-01-05 13:36:09.732509
3922,I2201,thin section,,154,,801,3,,,,2010-02-24 09:34:45.618989,2011-01-05 13:36:10.207501
3923,I2202,thin section,,155,,801,3,,,,2010-02-24 09:34:54.910785,2011-01-05 13:36:10.198919
3924,I2203,thin section,,156,,801,3,,,,2010-02-24 09:35:06.387228,2011-01-05 13:36:10.190592
3925,I2204,thin section,,158,,801,3,,,,2010-02-24 09:35:15.830685,2011-01-05 13:36:10.182298
3926,I2205,thin section,,159,,801,3,,,,2010-02-24 09:35:24.949152,2011-01-05 13:36:10.173649
3927,I2206,thin section,,161,,802,3,,,,2010-02-25 09:25:59.015872,2011-01-05 13:36:09.632112
3928,I2207,thin section,,162,,802,3,,,,2010-02-25 09:26:08.914977,2011-01-05 13:36:09.623601
3929,I2208,thin section,,163,,802,3,,,,2010-02-25 09:26:18.272257,2011-01-05 13:36:09.615439
3930,I2209,thin section,,165,,802,3,,,,2010-02-25 09:26:27.764028,2011-01-05 13:36:09.606982
3931,I2210,thin section,,167,,802,3,,,,2010-02-25 09:26:36.974109,2011-01-05 13:36:09.59848
3932,I2211,thin section,,893,,802,3,,,,2010-02-25 09:26:46.755557,2011-01-05 13:36:09.590713
3933,I2212,thin section,,894,,802,3,,,,2010-02-25 09:26:56.193157,2011-01-05 13:36:09.581712
3934,I2213,thin section,,895,,802,3,,,,2010-02-25 09:27:06.164517,2011-01-05 13:36:09.457215
3935,IB2201,thin section,,153,,802,3,,,,2010-02-25 09:27:15.900246,2011-01-05 13:36:09.398806
3936,IB2202,thin section,,157,,802,3,,,,2010-02-25 09:27:25.111203,2011-01-05 13:36:09.382512
3937,IB2203,thin section,,160,,802,3,,,,2010-02-25 09:27:34.77688,2011-01-05 13:36:09.37324
3938,IB2204,thin section,,164,,802,3,,,,2010-02-25 09:27:46.422273,2011-01-05 13:36:09.35743
3939,IB2205,thin section,,166,,802,3,,,,2010-02-25 09:27:56.463961,2011-01-05 13:36:09.348567
3940,IB2206,thin section,,168,,802,3,,,,2010-02-25 09:28:05.900928,2011-01-05 13:36:09.340401
3947,I1415,thin section,,204,,802,3,,,,2010-02-25 09:29:10.283698,2011-01-05 13:36:09.640815
3948,I1301,thin section,,172,,802,3,,,,2010-02-25 09:29:19.580174,2011-01-05 13:36:09.698979
3949,I1301,thin section,,172,,802,3,,,,2010-02-25 09:29:28.711489,2011-01-05 13:36:09.715235
3950,I1303,thin section,,174,,802,3,,,,2010-02-25 09:29:37.735644,2011-01-05 13:36:09.690255
3955,I1301,thin section,,172,,802,3,,,,2010-02-25 10:39:02.810855,2011-01-05 13:36:09.723676
3956,I1313,thin section,,188,,802,3,,,,2010-02-25 10:41:40.09346,2011-01-05 13:36:09.681735
3957,I1401,thin section,,169,,802,3,,,,2010-02-25 10:41:49.182887,2011-01-05 13:36:09.665425
3958,I1406,thin section,,180,,802,3,,,,2010-02-25 10:41:58.741253,2011-01-05 13:36:09.656625
3959,IB1406,thin section,,200,,802,3,,,,2010-02-25 10:42:07.948474,2011-01-05 13:36:09.406907
4271,ref-ol-fo,mineral,,,,288,11,14,,,2010-04-06 09:27:27.963723,2012-05-23 21:50:52.144953
4457,HR-70,thin section,,2683,,123,3,,,,2010-06-01 17:31:32.93022,2012-12-18 10:29:31.303006
4459,HR-60,thin section,,2690,,123,3,,,,2010-06-01 17:33:41.556288,2012-12-18 10:29:26.41793
5560,KLB1,,,,,893,132,9,,,2010-09-03 10:06:39.601698,2012-05-23 16:08:25.487178
5708,0903-13,,,2667,,882,,,,,2010-10-04 10:19:50.784217,2011-11-24 09:18:09.673883
5709,0901-3,,,2800,,882,,,,,2010-10-04 10:19:55.287468,2011-11-22 09:27:04.312289
5710,0901-3,,,2800,,882,,,,,2010-10-04 10:20:01.001135,2011-11-22 09:27:04.284631
5711,0902-3,,,2784,,882,,,,,2010-10-04 10:20:03.77525,2011-11-24 09:20:56.074684
5712,0904-2,,,2808,,882,,,,,2010-10-04 10:20:06.733712,2011-11-24 09:32:01.440295
5713,0904-1,,,2804,,882,,,,,2010-10-04 10:20:09.535008,2011-11-17 09:44:24.345711
5715,0902-3,,,2784,,882,,,,,2010-10-04 10:20:15.143619,2011-11-24 09:20:56.042057
5716,0902-10,,,2806,,882,,,,,2010-10-04 10:20:18.207552,2011-11-24 09:27:35.503408
5718,0902-11,,,2807,,882,,,,,2010-10-04 10:20:23.962092,2011-11-24 09:29:31.828851
5719,0904-1,,,2804,,882,,,,,2010-10-04 10:20:26.924638,2011-11-17 09:44:24.262445
5720,0904-2,,,2808,,882,,,,,2010-10-04 10:20:29.936972,2011-11-24 09:32:01.280973
5721,0903-13,,,2667,,882,,,,,2010-10-04 10:20:32.706586,2011-11-24 09:18:09.64222
5722,0902-11,,,2807,,882,,,,,2010-10-04 10:20:35.287515,2011-11-24 09:29:31.804071
5723,0904-2,,,2808,,882,,,,,2010-10-04 10:20:37.847716,2011-11-24 09:32:01.254613
5724,0904-2,,,2808,,882,,,,,2010-10-04 10:20:40.731286,2011-11-24 09:32:01.222478
5725,0902-10,,,2806,,882,,,,,2010-10-04 10:20:43.52105,2011-11-24 09:27:35.470017
5726,0902-11,,,2807,,882,,,,,2010-10-04 10:20:46.220801,2011-11-24 09:29:31.779028
5727,0902-10,,,2806,,882,,,,,2010-10-04 10:20:49.115496,2011-11-24 09:27:35.44501
5729,0902-11,,,2807,,882,,,,,2010-10-04 10:20:54.785713,2011-11-24 09:29:31.754195
5730,0902-11,,,2807,,882,,,,,2010-10-04 10:20:57.84074,2011-11-24 09:29:31.729248
5731,0902-11,,,2807,,882,,,,,2010-10-04 10:21:00.400718,2011-11-24 09:29:31.704162
5732,0904-1,,,2804,,882,,,,,2010-10-04 10:21:03.369698,2011-11-17 09:44:24.178951
5734,0902-10,,,2806,,882,,,,,2010-10-04 10:21:08.888781,2011-11-24 09:27:35.420013
5735,0901-3,,,2800,,882,,,,,2010-10-04 10:21:11.621994,2011-11-22 09:27:04.253877
5736,0902-11,,,2807,,882,,,,,2010-10-04 10:21:14.548297,2011-11-24 09:29:31.654122
5737,0902-11,,,2807,,882,,,,,2010-10-04 10:21:17.687489,2011-11-24 09:29:31.62127
5739,0902-3,,,2784,,882,,,,,2010-10-04 10:21:23.109182,2011-11-24 09:20:56.008871
5740,0903-13,,,2667,,882,,,,,2010-10-04 10:21:25.913009,2011-11-24 09:18:09.609275
5741,0902-11,,,2807,,882,,,,,2010-10-04 10:21:28.729174,2011-11-24 09:29:31.679226
5743,0902-10,,,2806,,882,,,,,2010-10-04 10:21:34.249527,2011-11-24 09:27:35.395129
5744,0904-1,,,2804,,882,,,,,2010-10-04 10:21:37.106436,2011-11-17 09:44:24.095641
5746,0903-13,,,2667,,882,,,,,2010-10-04 10:21:42.691191,2011-11-24 09:18:09.571611
5747,0902-11,,,2807,,882,,,,,2010-10-04 10:21:45.287597,2011-11-24 09:29:31.588148
5748,0902-10,,,2806,,882,,,,,2010-10-04 10:21:48.283771,2011-11-24 09:27:35.369996
5749,0904-1,,,2804,,882,,,,,2010-10-04 10:21:52.730276,2011-11-17 09:44:24.012118
5750,0902-10,,,2806,,882,,,,,2010-10-04 10:21:55.610977,2011-11-24 09:27:35.345037
5751,0904-2,,,2808,,882,,,,,2010-10-04 10:21:58.504609,2011-11-24 09:32:01.196939
5752,0902-11,,,2807,,882,,,,,2010-10-04 10:22:01.312217,2011-11-24 09:29:31.437269
5753,0902-11,,,2807,,882,,,,,2010-10-04 10:22:04.07317,2011-11-24 09:29:31.412249
5754,0902-11,,,2807,,882,,,,,2010-10-04 10:22:06.957588,2011-11-24 09:29:31.387363
5755,0902-10,,,2806,,882,,,,,2010-10-04 10:22:09.661478,2011-11-24 09:27:35.320083
5756,0901-3,,,2800,,882,,,,,2010-10-04 10:22:12.48498,2011-11-22 09:27:04.226328
5757,0904-1,,,2804,,882,,,,,2010-10-04 10:22:15.409853,2011-11-17 09:44:23.929142
5758,0901-3,,,2800,,882,,,,,2010-10-04 10:22:18.044653,2011-11-22 09:27:04.195388
5759,0901-3,,,2800,,882,,,,,2010-10-04 10:22:20.5437,2011-11-22 09:27:04.159427
5760,0904-2,,,2808,,882,,,,,2010-10-04 10:22:23.14259,2011-11-24 09:32:01.163985
5762,0903-13,,,2667,,882,,,,,2010-10-04 10:22:29.108159,2011-11-24 09:18:09.423345
5763,0901-3,,,2800,,882,,,,,2010-10-04 10:22:31.617144,2011-11-22 09:27:04.111726
5764,0902-11,,,2807,,882,,,,,2010-10-04 10:22:34.218906,2011-11-24 09:29:31.36249
5765,0903-13,,,2667,,882,,,,,2010-10-04 10:22:37.517703,2011-11-24 09:18:09.391651
5769,0902-11,,,2807,,882,,,,,2010-10-04 10:22:48.191349,2011-11-24 09:29:31.337436
5770,0902-3,,,2784,,882,,,,,2010-10-04 10:22:50.868509,2011-11-24 09:20:55.982987
5772,0902-10,,,2806,,882,,,,,2010-10-04 10:22:56.12928,2011-11-24 09:27:35.270132
5773,0902-11,,,2807,,882,,,,,2010-10-04 10:22:58.765662,2011-11-24 09:29:31.312247
5774,0902-3,,,2784,,882,,,,,2010-10-04 10:23:01.257072,2011-11-24 09:20:55.950967
5776,0902-11,,,2807,,882,,,,,2010-10-04 10:23:06.773236,2011-11-24 09:29:31.287242
5777,0902-10,,,2806,,882,,,,,2010-10-04 10:23:09.226258,2011-11-24 09:27:35.245127
5778,0902-3,,,2784,,882,,,,,2010-10-04 10:23:11.786386,2011-11-24 09:20:55.924649
5779,0902-3,,,2784,,882,,,,,2010-10-04 10:23:14.489792,2011-11-24 09:20:55.892927
5780,0902-11,,,2807,,882,,,,,2010-10-04 10:23:17.175771,2011-11-24 09:29:31.262261
5783,0902-3,,,2784,,882,,,,,2010-10-04 10:23:25.788673,2011-11-24 09:20:55.866108
5784,0902-10,,,2806,,882,,,,,2010-10-04 10:23:28.545813,2011-11-24 09:27:35.295093
5785,0902-3,,,2784,,882,,,,,2010-10-04 10:23:31.288387,2011-11-24 09:20:55.83417
5795,0902-11,,,2807,,884,,,,,2010-10-08 09:58:40.733157,2011-11-24 09:29:31.23724
5796,0902-11,,,2807,,884,,,,,2010-10-08 09:58:43.681518,2011-11-24 09:29:31.212499
5798,0902-10,,,2806,,884,,,,,2010-10-08 09:58:49.99951,2011-11-24 09:27:35.205005
5800,0902-11,,,2807,,884,,,,,2010-10-08 09:58:56.269094,2011-11-24 09:29:31.170857
5801,0902-3,,,2784,,884,,,,,2010-10-08 09:59:00.053503,2011-11-24 09:20:55.808147
5808,0904-1,,,2804,,884,,,,,2010-10-08 09:59:22.641793,2011-11-17 09:44:23.845825
5811,0902-3,,,2784,,884,,,,,2010-10-08 09:59:32.382277,2011-11-24 09:20:55.775953
5813,0904-1,,,2804,,884,,,,,2010-10-08 09:59:38.448967,2011-11-17 09:44:23.762157
5821,0901-3,,,2800,,884,,,,,2010-10-08 10:00:04.69692,2011-11-22 09:27:04.067308
5823,0902-1,,,2801,,884,,,,,2010-10-08 10:00:10.958728,2011-11-24 09:25:57.318691
5825,0901-3,,,2800,,884,,,,,2010-10-08 10:00:17.698649,2011-11-22 09:27:04.02838
5826,0904-2,,,2808,,884,,,,,2010-10-08 10:00:21.083675,2011-11-24 09:32:01.13826
5830,0904-2,,,2808,,884,,,,,2010-10-08 10:00:33.883608,2011-11-24 09:32:01.105641
5832,0902-11,Thinsection,,2807,,884,3,,,,2010-10-08 10:00:40.279204,2011-11-24 09:29:31.101792
5833,0902-1,,,2801,,884,,,,,2010-10-08 10:00:43.302762,2011-11-24 09:25:57.276587
6160,ref-ol-sc,,,6850,,955,11,14,,,2010-12-02 09:50:24.120964,2012-05-23 21:50:52.553072
6184,gl-ab100,crushed,"SN:2007-4	 Made by Ros	 6-Jul",,,1006,11,20,,,2010-12-02 10:14:28.222482,2013-01-25 23:28:06.932996
6201,gl-ab100,,"SN:2007-4

Its major-element abundance is described as an0ab100or0 (TK at July 2011).",6184,,911,11,20,,,2010-12-06 09:41:25.494186,2013-01-25 23:30:54.957775
6779,Fukang,,,,,,,12,,,2011-01-17 10:53:38.745388,2011-04-25 08:34:54.660852
6831,ref-ol-sc for micro mounts,,This grain is all consumed.,6850,,955,11,14,,,2011-01-19 14:53:56.141114,2012-05-23 21:50:54.06514
6833,ref-ol-sc for oxygen isotope analysis,,,6831,,955,11,14,,,2011-01-19 14:55:36.708191,2012-10-01 08:40:32.090477
6839,B-1,,Quantity is 160 mg.,6846,,956,11,,,,2011-01-19 16:06:33.879612,2011-01-19 17:01:00.006878
6840,C-1,,Quantity is 171 mg.,6846,,,11,,,,2011-01-19 16:06:43.37268,2011-01-19 17:00:59.984096
6846,chunk,,,551,,,,,,,2011-01-19 16:09:33.636425,2011-01-19 16:09:33.636425
6847,Fukang (b) C-1,,,6840,,1207,11,14,,,2011-01-19 16:10:19.386733,2012-05-25 16:09:59.629367
6849,thin-section,,,6839,,,3,,,,2011-01-19 16:11:03.856794,2011-01-19 17:03:54.469965
6850,The SC ancestor,,,,,955,,9,,,2011-01-19 17:43:03.134106,2013-01-08 22:11:18.080716
7887,ref-ol-fo oxygen,,,4271,,1207,11,14,,,2011-03-28 16:29:53.822668,2012-05-25 15:38:40.858468
7894,ref-cpx-klb1,,,5560,,1207,11,16,,,2011-03-29 08:28:31.410038,2012-05-25 15:38:42.423345
7897,ref-opx-klb1,,,5560,,1207,11,16,,,2011-03-29 08:38:28.547841,2012-05-25 17:30:34.8883
7982,slice 4,,,6833,,,1,,,,2011-04-06 16:33:59.066176,2011-04-06 16:43:27.357789
8015,opx-KLB1,,Formally known as 'KLB-1 Opx'.,5560,,123,9,16,,,2011-04-15 09:27:50.200954,2013-01-17 22:01:33.179837
8023,RA-QD02-0093,,,8025,,1310,11,,,,2011-04-16 13:49:01.228968,2013-02-15 17:13:57.21908
8024,RA-QD02-0095,,,8025,,1310,11,,,,2011-04-16 13:49:55.337841,2013-02-15 17:13:57.1656
8025,The Itokawa asteroid,,,,,1288,136,17,,,2011-04-16 13:51:29.836085,2012-12-28 19:43:21.726898
8026,gl-dust-K001,,,,,1020,11,65,,,2011-04-16 17:39:27.031814,2013-01-25 23:38:16.017984
8061,ref-pl-lab,,,,,838,132,3,,,2011-04-25 09:35:13.542196,2012-05-23 22:10:46.388281
8106,RA-QD02-0118,,,8025,,1310,11,,,,2011-05-02 19:04:15.48552,2013-02-15 17:13:57.186365
8107,RA-QD02-0121,,,8025,,1310,11,,,,2011-05-02 19:04:27.011685,2013-02-15 17:13:57.202719
8108,RA-QD02-0116,,,8025,,1310,11,,,,2011-05-02 19:04:43.391431,2013-02-15 17:13:57.236495
8119,ref-ol-sc1,,,7982,,1037,11,14,,,2011-05-04 16:26:01.013721,2013-01-21 17:16:50.805286
8120,ref-ol-fk1,,,6849,,1037,11,14,,,2011-05-04 16:26:07.529188,2013-01-21 17:18:36.338062
8121,ref-ol-fo1,,,4271,,1037,11,14,,,2011-05-04 16:26:13.529189,2013-01-21 17:15:59.462158
8122,ol-93-b2,,,8023,,1037,132,3,,,2011-05-04 16:26:24.479326,2013-01-23 11:14:14.846345
8145,ref-ol-sc1,,,7982,,1040,11,14,,,2011-05-07 15:59:50.438042,2012-06-07 17:39:15.730604
8146,ref-ol-fk1,,,6849,,1040,11,14,,,2011-05-07 15:59:57.684043,2012-06-07 17:39:15.708878
8147,ref-ol-fo1,,,4271,,1040,11,14,,,2011-05-07 16:00:04.895864,2012-06-07 17:39:15.673356
8148,ref-opx-klb1,,,7897,,1040,11,16,,,2011-05-07 16:00:11.500129,2012-06-07 17:37:59.506687
8149,ref-cpx-klb1,,,7894,,1040,11,16,,,2011-05-07 16:00:20.110716,2012-06-07 17:37:59.577914
8150,en-px-K002-b,,,8024,,1040,132,3,,,2011-05-07 16:00:30.060843,2013-01-23 11:14:37.068724
8158,ref-gl-ab,,,6184,,1040,11,65,,,2011-05-11 15:30:34.433359,2012-06-07 17:37:59.472088
8159,ref-pl-lab1,,,8061,,1040,11,54,,,2011-05-11 15:32:55.676953,2012-06-07 17:40:30.552742
8160,ref-pl-lab2,,,8061,,1040,11,54,,,2011-05-11 15:33:04.113925,2012-06-07 17:40:31.326712
8170,ref-ol-sc1,,,7982,,1043,132,14,,,2011-05-14 18:52:22.426377,2013-01-21 17:16:50.788849
8171,ref-ol-fo1,,,4271,,1043,132,14,,,2011-05-14 18:52:28.201868,2013-01-21 17:15:59.445552
8172,ref-ol-fk1,,,6849,,1043,132,14,,,2011-05-14 18:52:33.153383,2013-01-21 17:18:36.316618
8173,ref-cpx-klb1,,,7894,,1043,132,16,,,2011-05-14 18:52:37.977333,2012-05-23 21:56:48.115717
8174,ref-opx-klb1,,,7897,,1043,132,16,,,2011-05-14 18:52:43.723643,2012-05-25 17:30:34.813649
8175,en-px-E002-b,,,8106,,1043,132,3,,,2011-05-14 18:52:57.71831,2013-01-23 11:14:58.682344
8198,en-ol-E003b,,,8107,,1047,132,3,,,2011-05-18 19:42:05.206147,2013-01-23 11:15:15.178093
8199,ref-ol-sc1,,,7982,,1047,132,14,,,2011-05-18 19:42:11.42137,2013-01-21 17:16:50.630882
8200,ref-ol-fk1,,,6849,,1047,132,14,,,2011-05-18 19:42:17.071541,2013-01-21 17:18:36.038749
8201,ref-ol-fo1,,,4271,,1047,132,14,,,2011-05-18 19:42:21.545785,2013-01-21 17:15:59.110047
8202,ref-cpx-klb1,,,7894,,1047,9,16,,,2011-05-18 19:42:29.938012,2012-05-23 22:08:20.469045
8203,ref-opx-klb1,,,7897,,1047,9,16,,,2011-05-18 19:42:36.336527,2012-05-25 17:30:34.847214
8204,ref-gl-ab1,,,6184,,1047,11,65,,,2011-05-18 19:43:23.35677,2013-01-25 23:38:16.048996
8205,ref-pl-lab1,,,8061,,1047,9,3,,,2011-05-18 19:43:31.211487,2012-05-23 22:10:09.104119
8411,IB1609,,,144,,1063,1,5,,,2011-06-14 09:49:18.532434,2011-06-15 09:51:28.204465
8415,IB1605,,,152,,1063,1,5,,,2011-06-14 09:49:39.611029,2011-06-15 09:52:41.387695
8420,IB1602,,,149,,1063,1,5,,,2011-06-14 09:50:05.795642,2011-06-15 09:54:35.272134
8421,IB1601,,,148,,1063,1,5,,,2011-06-14 09:50:10.886499,2011-06-15 09:55:22.879642
8425,I2114,,,213,,1063,1,5,,,2011-06-14 09:50:30.573895,2011-06-15 09:50:18.321023
9491,I1503,,,127,,799,11,5,,,2011-12-01 11:14:18.986717,2011-12-01 11:17:21.340304
9804,0901-4a,,,2783,,,3,5,,,2012-01-24 09:23:07.847309,2012-01-24 09:23:07.847309
9829,0902-2a,,,2693,,,3,5,,,2012-01-27 09:27:24.519487,2012-03-28 09:50:28.835086
9830,0904-1b,,,2804,,,,,,,2012-01-27 09:29:27.683353,2012-01-27 09:50:42.624687
9832,0901-4c,,,2783,,,,,,,2012-01-27 09:37:50.924712,2012-01-27 09:37:50.924712
9839,0901-4c,,,2783,,,,,,,2012-01-30 09:29:11.214076,2012-01-31 09:37:54.192514
9864,0904-1,,,2804,,,1,,,,2012-02-01 09:42:08.682279,2012-02-01 09:42:08.682279
9892,HR+0,,,2689,,123,3,37,,,2012-02-03 09:34:43.948295,2013-01-28 08:55:28.381751
9893,HR-37,,,2691,,,3,5,,,2012-02-03 09:40:25.00976,2012-02-03 09:40:25.00976
9895,HR+12,,,2687,,123,3,37,,,2012-02-03 09:46:36.055239,2013-01-28 08:55:28.356876
9905,HR+20,,,2686,,123,3,37,,,2012-02-03 09:50:44.037221,2013-01-28 08:55:28.33743
9915,HR-90,,,2684,,,3,5,,,2012-02-07 09:42:20.756019,2012-02-07 09:42:20.756019
9916,HR+55,,,2685,,123,3,37,,,2012-02-07 09:46:40.687962,2013-01-28 08:55:28.406995
9917,HR+5,,,2692,,123,3,37,,,2012-02-07 09:49:29.547973,2013-01-28 08:55:28.431751
9928,HR-50,,,2688,,,3,5,,,2012-02-10 09:35:32.192925,2012-02-10 09:35:32.192925
10318,0901-1,,,2630,,,3,5,,,2012-03-23 09:36:25.694192,2012-03-23 09:36:25.694192
11584,ALL01,,Masuda purchased on 1977/2/16.,11682,,955,133,17,,,2012-06-28 09:37:15.971514,2012-07-05 17:32:46.001251
11682,The Allende asteroid,,,,,1288,136,17,,,2012-07-05 17:31:14.621056,2012-12-28 22:27:02.237535
13736,slice 1,,,8023,,994,132,3,,,2013-02-15 08:34:26.299556,2013-02-15 08:58:43.501592
13737,slice 3,,,8023,,994,132,3,,,2013-02-15 08:34:41.911787,2013-02-15 08:58:43.479168
13738,slice 1,,,8024,,994,132,3,,,2013-02-15 08:46:38.025402,2013-02-15 08:58:43.459306
13739,slice 3,,,8024,,994,132,3,,,2013-02-15 08:46:50.108896,2013-02-15 08:58:43.437406
13740,slice 1,,,8106,,994,132,3,,,2013-02-15 08:48:42.904821,2013-02-15 08:58:43.371329
13741,slice 3,,,8106,,994,132,3,,,2013-02-15 08:48:56.344478,2013-02-15 08:58:43.404494
13742,slice 1,,,8107,,994,132,3,,,2013-02-15 08:55:52.316566,2013-02-15 08:58:43.337516
13743,slice 3,,,8107,,994,132,3,,,2013-02-15 08:56:07.200605,2013-02-15 08:58:43.253498
